Year,Bank,KeywordIndex,TotalResults
2024,Oversea-Chinese Banking Corporation Ltd,Kw1,2
2024,Oversea-Chinese Banking Corporation Ltd,Kw2,0
2024,Oversea-Chinese Banking Corporation Ltd,Kw3,5
2024,Oversea-Chinese Banking Corporation Ltd,Kw4,0
2024,Oversea-Chinese Banking Corporation Ltd,Kw5,5
2024,Oversea-Chinese Banking Corporation Ltd,Kw6,134
2024,Oversea-Chinese Banking Corporation Ltd,Kw7,2
2024,Oversea-Chinese Banking Corporation Ltd,Kw8,0
2024,Oversea-Chinese Banking Corporation Ltd,Kw9,6
2024,Oversea-Chinese Banking Corporation Ltd,Kw10,0
2024,Oversea-Chinese Banking Corporation Ltd,Kw11,0
2024,Oversea-Chinese Banking Corporation Ltd,Kw12,0
2024,Oversea-Chinese Banking Corporation Ltd,Kw13,2
2023,Oversea-Chinese Banking Corporation Ltd,Kw1,3
2023,Oversea-Chinese Banking Corporation Ltd,Kw2,0
2023,Oversea-Chinese Banking Corporation Ltd,Kw3,4
2023,Oversea-Chinese Banking Corporation Ltd,Kw4,1
2023,Oversea-Chinese Banking Corporation Ltd,Kw5,2
2023,Oversea-Chinese Banking Corporation Ltd,Kw6,133
2023,Oversea-Chinese Banking Corporation Ltd,Kw7,0
2023,Oversea-Chinese Banking Corporation Ltd,Kw8,0
2023,Oversea-Chinese Banking Corporation Ltd,Kw9,3
2023,Oversea-Chinese Banking Corporation Ltd,Kw10,0
2023,Oversea-Chinese Banking Corporation Ltd,Kw11,0
2023,Oversea-Chinese Banking Corporation Ltd,Kw12,0
2023,Oversea-Chinese Banking Corporation Ltd,Kw13,2
2022,Oversea-Chinese Banking Corporation Ltd,Kw1,1
2022,Oversea-Chinese Banking Corporation Ltd,Kw2,0
2022,Oversea-Chinese Banking Corporation Ltd,Kw3,1
2022,Oversea-Chinese Banking Corporation Ltd,Kw4,0
2022,Oversea-Chinese Banking Corporation Ltd,Kw5,1
2022,Oversea-Chinese Banking Corporation Ltd,Kw6,130
2022,Oversea-Chinese Banking Corporation Ltd,Kw7,0
2022,Oversea-Chinese Banking Corporation Ltd,Kw8,0
2022,Oversea-Chinese Banking Corporation Ltd,Kw9,5
2022,Oversea-Chinese Banking Corporation Ltd,Kw10,0
2022,Oversea-Chinese Banking Corporation Ltd,Kw11,0
2022,Oversea-Chinese Banking Corporation Ltd,Kw12,0
2022,Oversea-Chinese Banking Corporation Ltd,Kw13,4
2021,Oversea-Chinese Banking Corporation Ltd,Kw1,3
2021,Oversea-Chinese Banking Corporation Ltd,Kw2,1
2021,Oversea-Chinese Banking Corporation Ltd,Kw3,13
2021,Oversea-Chinese Banking Corporation Ltd,Kw4,0
2021,Oversea-Chinese Banking Corporation Ltd,Kw5,5
2021,Oversea-Chinese Banking Corporation Ltd,Kw6,139
2021,Oversea-Chinese Banking Corporation Ltd,Kw7,0
2021,Oversea-Chinese Banking Corporation Ltd,Kw8,0
2021,Oversea-Chinese Banking Corporation Ltd,Kw9,9
2021,Oversea-Chinese Banking Corporation Ltd,Kw10,0
2021,Oversea-Chinese Banking Corporation Ltd,Kw11,0
2021,Oversea-Chinese Banking Corporation Ltd,Kw12,3
2021,Oversea-Chinese Banking Corporation Ltd,Kw13,4
2020,Oversea-Chinese Banking Corporation Ltd,Kw1,9
2020,Oversea-Chinese Banking Corporation Ltd,Kw2,4
2020,Oversea-Chinese Banking Corporation Ltd,Kw3,0
2020,Oversea-Chinese Banking Corporation Ltd,Kw4,2
2020,Oversea-Chinese Banking Corporation Ltd,Kw5,0
2020,Oversea-Chinese Banking Corporation Ltd,Kw6,131
2020,Oversea-Chinese Banking Corporation Ltd,Kw7,3
2020,Oversea-Chinese Banking Corporation Ltd,Kw8,0
2020,Oversea-Chinese Banking Corporation Ltd,Kw9,10
2020,Oversea-Chinese Banking Corporation Ltd,Kw10,1
2020,Oversea-Chinese Banking Corporation Ltd,Kw11,0
2020,Oversea-Chinese Banking Corporation Ltd,Kw12,13
2020,Oversea-Chinese Banking Corporation Ltd,Kw13,5
2019,Oversea-Chinese Banking Corporation Ltd,Kw1,10
2019,Oversea-Chinese Banking Corporation Ltd,Kw2,3
2019,Oversea-Chinese Banking Corporation Ltd,Kw3,0
2019,Oversea-Chinese Banking Corporation Ltd,Kw4,1
2019,Oversea-Chinese Banking Corporation Ltd,Kw5,2
2019,Oversea-Chinese Banking Corporation Ltd,Kw6,93
2019,Oversea-Chinese Banking Corporation Ltd,Kw7,3
2019,Oversea-Chinese Banking Corporation Ltd,Kw8,0
2019,Oversea-Chinese Banking Corporation Ltd,Kw9,2
2019,Oversea-Chinese Banking Corporation Ltd,Kw10,1
2019,Oversea-Chinese Banking Corporation Ltd,Kw11,0
2019,Oversea-Chinese Banking Corporation Ltd,Kw12,3
2019,Oversea-Chinese Banking Corporation Ltd,Kw13,3
2018,Oversea-Chinese Banking Corporation Ltd,Kw1,31
2018,Oversea-Chinese Banking Corporation Ltd,Kw2,2
2018,Oversea-Chinese Banking Corporation Ltd,Kw3,0
2018,Oversea-Chinese Banking Corporation Ltd,Kw4,4
2018,Oversea-Chinese Banking Corporation Ltd,Kw5,0
2018,Oversea-Chinese Banking Corporation Ltd,Kw6,110
2018,Oversea-Chinese Banking Corporation Ltd,Kw7,0
2018,Oversea-Chinese Banking Corporation Ltd,Kw8,0
2018,Oversea-Chinese Banking Corporation Ltd,Kw9,14
2018,Oversea-Chinese Banking Corporation Ltd,Kw10,0
2018,Oversea-Chinese Banking Corporation Ltd,Kw11,0
2018,Oversea-Chinese Banking Corporation Ltd,Kw12,1
2018,Oversea-Chinese Banking Corporation Ltd,Kw13,4
2017,Oversea-Chinese Banking Corporation Ltd,Kw1,20
2017,Oversea-Chinese Banking Corporation Ltd,Kw2,0
2017,Oversea-Chinese Banking Corporation Ltd,Kw3,0
2017,Oversea-Chinese Banking Corporation Ltd,Kw4,1
2017,Oversea-Chinese Banking Corporation Ltd,Kw5,0
2017,Oversea-Chinese Banking Corporation Ltd,Kw6,82
2017,Oversea-Chinese Banking Corporation Ltd,Kw7,1
2017,Oversea-Chinese Banking Corporation Ltd,Kw8,0
2017,Oversea-Chinese Banking Corporation Ltd,Kw9,9
2017,Oversea-Chinese Banking Corporation Ltd,Kw10,0
2017,Oversea-Chinese Banking Corporation Ltd,Kw11,2
2017,Oversea-Chinese Banking Corporation Ltd,Kw12,0
2017,Oversea-Chinese Banking Corporation Ltd,Kw13,5
2016,Oversea-Chinese Banking Corporation Ltd,Kw1,17
2016,Oversea-Chinese Banking Corporation Ltd,Kw2,1
2016,Oversea-Chinese Banking Corporation Ltd,Kw3,4
2016,Oversea-Chinese Banking Corporation Ltd,Kw4,0
2016,Oversea-Chinese Banking Corporation Ltd,Kw5,0
2016,Oversea-Chinese Banking Corporation Ltd,Kw6,66
2016,Oversea-Chinese Banking Corporation Ltd,Kw7,0
2016,Oversea-Chinese Banking Corporation Ltd,Kw8,0
2016,Oversea-Chinese Banking Corporation Ltd,Kw9,3
2016,Oversea-Chinese Banking Corporation Ltd,Kw10,0
2016,Oversea-Chinese Banking Corporation Ltd,Kw11,0
2016,Oversea-Chinese Banking Corporation Ltd,Kw12,0
2016,Oversea-Chinese Banking Corporation Ltd,Kw13,4
2015,Oversea-Chinese Banking Corporation Ltd,Kw1,3
2015,Oversea-Chinese Banking Corporation Ltd,Kw2,0
2015,Oversea-Chinese Banking Corporation Ltd,Kw3,0
2015,Oversea-Chinese Banking Corporation Ltd,Kw4,0
2015,Oversea-Chinese Banking Corporation Ltd,Kw5,1
2015,Oversea-Chinese Banking Corporation Ltd,Kw6,60
2015,Oversea-Chinese Banking Corporation Ltd,Kw7,0
2015,Oversea-Chinese Banking Corporation Ltd,Kw8,0
2015,Oversea-Chinese Banking Corporation Ltd,Kw9,0
2015,Oversea-Chinese Banking Corporation Ltd,Kw10,0
2015,Oversea-Chinese Banking Corporation Ltd,Kw11,0
2015,Oversea-Chinese Banking Corporation Ltd,Kw12,1
2015,Oversea-Chinese Banking Corporation Ltd,Kw13,4
2025,HDFC Bank Ltd,Kw1,11
2025,HDFC Bank Ltd,Kw2,11
2025,HDFC Bank Ltd,Kw3,5
2025,HDFC Bank Ltd,Kw4,0
2025,HDFC Bank Ltd,Kw5,1
2025,HDFC Bank Ltd,Kw6,112
2025,HDFC Bank Ltd,Kw7,2
2025,HDFC Bank Ltd,Kw8,0
2025,HDFC Bank Ltd,Kw9,14
2025,HDFC Bank Ltd,Kw10,3
2025,HDFC Bank Ltd,Kw11,0
2025,HDFC Bank Ltd,Kw12,0
2025,HDFC Bank Ltd,Kw13,0
2024,HDFC Bank Ltd,Kw1,8
2024,HDFC Bank Ltd,Kw2,5
2024,HDFC Bank Ltd,Kw3,8
2024,HDFC Bank Ltd,Kw4,0
2024,HDFC Bank Ltd,Kw5,0
2024,HDFC Bank Ltd,Kw6,105
2024,HDFC Bank Ltd,Kw7,1
2024,HDFC Bank Ltd,Kw8,0
2024,HDFC Bank Ltd,Kw9,10
2024,HDFC Bank Ltd,Kw10,2
2024,HDFC Bank Ltd,Kw11,1
2024,HDFC Bank Ltd,Kw12,2
2024,HDFC Bank Ltd,Kw13,0
2023,HDFC Bank Ltd,Kw1,7
2023,HDFC Bank Ltd,Kw2,7
2023,HDFC Bank Ltd,Kw3,0
2023,HDFC Bank Ltd,Kw4,0
2023,HDFC Bank Ltd,Kw5,6
2023,HDFC Bank Ltd,Kw6,108
2023,HDFC Bank Ltd,Kw7,1
2023,HDFC Bank Ltd,Kw8,0
2023,HDFC Bank Ltd,Kw9,13
2023,HDFC Bank Ltd,Kw10,4
2023,HDFC Bank Ltd,Kw11,0
2023,HDFC Bank Ltd,Kw12,1
2023,HDFC Bank Ltd,Kw13,0
2022,HDFC Bank Ltd,Kw1,11
2022,HDFC Bank Ltd,Kw2,2
2022,HDFC Bank Ltd,Kw3,1
2022,HDFC Bank Ltd,Kw4,0
2022,HDFC Bank Ltd,Kw5,0
2022,HDFC Bank Ltd,Kw6,99
2022,HDFC Bank Ltd,Kw7,0
2022,HDFC Bank Ltd,Kw8,0
2022,HDFC Bank Ltd,Kw9,1
2022,HDFC Bank Ltd,Kw10,4
2022,HDFC Bank Ltd,Kw11,1
2022,HDFC Bank Ltd,Kw12,1
2022,HDFC Bank Ltd,Kw13,0
2021,HDFC Bank Ltd,Kw1,8
2021,HDFC Bank Ltd,Kw2,3
2021,HDFC Bank Ltd,Kw3,0
2021,HDFC Bank Ltd,Kw4,0
2021,HDFC Bank Ltd,Kw5,0
2021,HDFC Bank Ltd,Kw6,66
2021,HDFC Bank Ltd,Kw7,0
2021,HDFC Bank Ltd,Kw8,0
2021,HDFC Bank Ltd,Kw9,6
2021,HDFC Bank Ltd,Kw10,2
2021,HDFC Bank Ltd,Kw11,0
2021,HDFC Bank Ltd,Kw12,0
2021,HDFC Bank Ltd,Kw13,1
2020,HDFC Bank Ltd,Kw1,12
2020,HDFC Bank Ltd,Kw2,7
2020,HDFC Bank Ltd,Kw3,0
2020,HDFC Bank Ltd,Kw4,4
2020,HDFC Bank Ltd,Kw5,0
2020,HDFC Bank Ltd,Kw6,73
2020,HDFC Bank Ltd,Kw7,1
2020,HDFC Bank Ltd,Kw8,0
2020,HDFC Bank Ltd,Kw9,8
2020,HDFC Bank Ltd,Kw10,2
2020,HDFC Bank Ltd,Kw11,0
2020,HDFC Bank Ltd,Kw12,1
2020,HDFC Bank Ltd,Kw13,4
2019,HDFC Bank Ltd,Kw1,7
2019,HDFC Bank Ltd,Kw2,2
2019,HDFC Bank Ltd,Kw3,1
2019,HDFC Bank Ltd,Kw4,1
2019,HDFC Bank Ltd,Kw5,0
2019,HDFC Bank Ltd,Kw6,52
2019,HDFC Bank Ltd,Kw7,0
2019,HDFC Bank Ltd,Kw8,0
2019,HDFC Bank Ltd,Kw9,6
2019,HDFC Bank Ltd,Kw10,2
2019,HDFC Bank Ltd,Kw11,0
2019,HDFC Bank Ltd,Kw12,3
2019,HDFC Bank Ltd,Kw13,1
2018,HDFC Bank Ltd,Kw1,5
2018,HDFC Bank Ltd,Kw2,5
2018,HDFC Bank Ltd,Kw3,0
2018,HDFC Bank Ltd,Kw4,0
2018,HDFC Bank Ltd,Kw5,0
2018,HDFC Bank Ltd,Kw6,35
2018,HDFC Bank Ltd,Kw7,0
2018,HDFC Bank Ltd,Kw8,0
2018,HDFC Bank Ltd,Kw9,6
2018,HDFC Bank Ltd,Kw10,2
2018,HDFC Bank Ltd,Kw11,0
2018,HDFC Bank Ltd,Kw12,2
2018,HDFC Bank Ltd,Kw13,1
2017,HDFC Bank Ltd,Kw1,2
2017,HDFC Bank Ltd,Kw2,1
2017,HDFC Bank Ltd,Kw3,0
2017,HDFC Bank Ltd,Kw4,0
2017,HDFC Bank Ltd,Kw5,0
2017,HDFC Bank Ltd,Kw6,35
2017,HDFC Bank Ltd,Kw7,0
2017,HDFC Bank Ltd,Kw8,0
2017,HDFC Bank Ltd,Kw9,7
2017,HDFC Bank Ltd,Kw10,0
2017,HDFC Bank Ltd,Kw11,1
2017,HDFC Bank Ltd,Kw12,1
2017,HDFC Bank Ltd,Kw13,1
2016,HDFC Bank Ltd,Kw1,0
2016,HDFC Bank Ltd,Kw2,1
2016,HDFC Bank Ltd,Kw3,0
2016,HDFC Bank Ltd,Kw4,1
2016,HDFC Bank Ltd,Kw5,0
2016,HDFC Bank Ltd,Kw6,29
2016,HDFC Bank Ltd,Kw7,0
2016,HDFC Bank Ltd,Kw8,0
2016,HDFC Bank Ltd,Kw9,1
2016,HDFC Bank Ltd,Kw10,0
2016,HDFC Bank Ltd,Kw11,0
2016,HDFC Bank Ltd,Kw12,1
2016,HDFC Bank Ltd,Kw13,0
2015,HDFC Bank Ltd,Kw1,0
2015,HDFC Bank Ltd,Kw2,0
2015,HDFC Bank Ltd,Kw3,0
2015,HDFC Bank Ltd,Kw4,0
2015,HDFC Bank Ltd,Kw5,0
2015,HDFC Bank Ltd,Kw6,40
2015,HDFC Bank Ltd,Kw7,0
2015,HDFC Bank Ltd,Kw8,0
2015,HDFC Bank Ltd,Kw9,0
2015,HDFC Bank Ltd,Kw10,0
2015,HDFC Bank Ltd,Kw11,0
2015,HDFC Bank Ltd,Kw12,1
2015,HDFC Bank Ltd,Kw13,1
2025,City Union Bank Ltd,Kw1,1
2025,City Union Bank Ltd,Kw2,1
2025,City Union Bank Ltd,Kw3,3
2025,City Union Bank Ltd,Kw4,0
2025,City Union Bank Ltd,Kw5,1
2025,City Union Bank Ltd,Kw6,37
2025,City Union Bank Ltd,Kw7,0
2025,City Union Bank Ltd,Kw8,0
2025,City Union Bank Ltd,Kw9,0
2025,City Union Bank Ltd,Kw10,3
2025,City Union Bank Ltd,Kw11,0
2025,City Union Bank Ltd,Kw12,0
2025,City Union Bank Ltd,Kw13,0
2024,City Union Bank Ltd,Kw1,8
2024,City Union Bank Ltd,Kw2,1
2024,City Union Bank Ltd,Kw3,1
2024,City Union Bank Ltd,Kw4,0
2024,City Union Bank Ltd,Kw5,3
2024,City Union Bank Ltd,Kw6,35
2024,City Union Bank Ltd,Kw7,1
2024,City Union Bank Ltd,Kw8,0
2024,City Union Bank Ltd,Kw9,4
2024,City Union Bank Ltd,Kw10,9
2024,City Union Bank Ltd,Kw11,0
2024,City Union Bank Ltd,Kw12,0
2024,City Union Bank Ltd,Kw13,1
2023,City Union Bank Ltd,Kw1,1
2023,City Union Bank Ltd,Kw2,1
2023,City Union Bank Ltd,Kw3,0
2023,City Union Bank Ltd,Kw4,0
2023,City Union Bank Ltd,Kw5,8
2023,City Union Bank Ltd,Kw6,63
2023,City Union Bank Ltd,Kw7,0
2023,City Union Bank Ltd,Kw8,0
2023,City Union Bank Ltd,Kw9,0
2023,City Union Bank Ltd,Kw10,0
2023,City Union Bank Ltd,Kw11,0
2023,City Union Bank Ltd,Kw12,2
2023,City Union Bank Ltd,Kw13,0
2022,City Union Bank Ltd,Kw1,0
2022,City Union Bank Ltd,Kw2,3
2022,City Union Bank Ltd,Kw3,2
2022,City Union Bank Ltd,Kw4,0
2022,City Union Bank Ltd,Kw5,0
2022,City Union Bank Ltd,Kw6,34
2022,City Union Bank Ltd,Kw7,0
2022,City Union Bank Ltd,Kw8,0
2022,City Union Bank Ltd,Kw9,7
2022,City Union Bank Ltd,Kw10,0
2022,City Union Bank Ltd,Kw11,0
2022,City Union Bank Ltd,Kw12,0
2022,City Union Bank Ltd,Kw13,0
2021,City Union Bank Ltd,Kw1,0
2021,City Union Bank Ltd,Kw2,1
2021,City Union Bank Ltd,Kw3,0
2021,City Union Bank Ltd,Kw4,0
2021,City Union Bank Ltd,Kw5,0
2021,City Union Bank Ltd,Kw6,34
2021,City Union Bank Ltd,Kw7,0
2021,City Union Bank Ltd,Kw8,0
2021,City Union Bank Ltd,Kw9,1
2021,City Union Bank Ltd,Kw10,0
2021,City Union Bank Ltd,Kw11,0
2021,City Union Bank Ltd,Kw12,0
2021,City Union Bank Ltd,Kw13,0
2020,City Union Bank Ltd,Kw1,4
2020,City Union Bank Ltd,Kw2,0
2020,City Union Bank Ltd,Kw3,0
2020,City Union Bank Ltd,Kw4,2
2020,City Union Bank Ltd,Kw5,0
2020,City Union Bank Ltd,Kw6,27
2020,City Union Bank Ltd,Kw7,0
2020,City Union Bank Ltd,Kw8,0
2020,City Union Bank Ltd,Kw9,2
2020,City Union Bank Ltd,Kw10,0
2020,City Union Bank Ltd,Kw11,0
2020,City Union Bank Ltd,Kw12,0
2020,City Union Bank Ltd,Kw13,0
2019,City Union Bank Ltd,Kw1,7
2019,City Union Bank Ltd,Kw2,3
2019,City Union Bank Ltd,Kw3,0
2019,City Union Bank Ltd,Kw4,0
2019,City Union Bank Ltd,Kw5,0
2019,City Union Bank Ltd,Kw6,27
2019,City Union Bank Ltd,Kw7,0
2019,City Union Bank Ltd,Kw8,0
2019,City Union Bank Ltd,Kw9,1
2019,City Union Bank Ltd,Kw10,0
2019,City Union Bank Ltd,Kw11,0
2019,City Union Bank Ltd,Kw12,0
2019,City Union Bank Ltd,Kw13,0
2018,City Union Bank Ltd,Kw1,0
2018,City Union Bank Ltd,Kw2,3
2018,City Union Bank Ltd,Kw3,0
2018,City Union Bank Ltd,Kw4,0
2018,City Union Bank Ltd,Kw5,0
2018,City Union Bank Ltd,Kw6,20
2018,City Union Bank Ltd,Kw7,0
2018,City Union Bank Ltd,Kw8,0
2018,City Union Bank Ltd,Kw9,0
2018,City Union Bank Ltd,Kw10,0
2018,City Union Bank Ltd,Kw11,0
2018,City Union Bank Ltd,Kw12,0
2018,City Union Bank Ltd,Kw13,0
2017,City Union Bank Ltd,Kw1,0
2017,City Union Bank Ltd,Kw2,1
2017,City Union Bank Ltd,Kw3,0
2017,City Union Bank Ltd,Kw4,2
2017,City Union Bank Ltd,Kw5,0
2017,City Union Bank Ltd,Kw6,17
2017,City Union Bank Ltd,Kw7,0
2017,City Union Bank Ltd,Kw8,0
2017,City Union Bank Ltd,Kw9,3
2017,City Union Bank Ltd,Kw10,0
2017,City Union Bank Ltd,Kw11,0
2017,City Union Bank Ltd,Kw12,0
2017,City Union Bank Ltd,Kw13,0
2016,City Union Bank Ltd,Kw1,0
2016,City Union Bank Ltd,Kw2,0
2016,City Union Bank Ltd,Kw3,0
2016,City Union Bank Ltd,Kw4,0
2016,City Union Bank Ltd,Kw5,0
2016,City Union Bank Ltd,Kw6,11
2016,City Union Bank Ltd,Kw7,0
2016,City Union Bank Ltd,Kw8,0
2016,City Union Bank Ltd,Kw9,0
2016,City Union Bank Ltd,Kw10,0
2016,City Union Bank Ltd,Kw11,0
2016,City Union Bank Ltd,Kw12,0
2016,City Union Bank Ltd,Kw13,0
2015,City Union Bank Ltd,Kw1,0
2015,City Union Bank Ltd,Kw2,0
2015,City Union Bank Ltd,Kw3,0
2015,City Union Bank Ltd,Kw4,0
2015,City Union Bank Ltd,Kw5,0
2015,City Union Bank Ltd,Kw6,11
2015,City Union Bank Ltd,Kw7,0
2015,City Union Bank Ltd,Kw8,0
2015,City Union Bank Ltd,Kw9,0
2015,City Union Bank Ltd,Kw10,0
2015,City Union Bank Ltd,Kw11,0
2015,City Union Bank Ltd,Kw12,0
2015,City Union Bank Ltd,Kw13,0
2025,Jammu and Kashmir Bank Ltd,Kw1,25
2025,Jammu and Kashmir Bank Ltd,Kw2,2
2025,Jammu and Kashmir Bank Ltd,Kw3,0
2025,Jammu and Kashmir Bank Ltd,Kw4,0
2025,Jammu and Kashmir Bank Ltd,Kw5,0
2025,Jammu and Kashmir Bank Ltd,Kw6,94
2025,Jammu and Kashmir Bank Ltd,Kw7,2
2025,Jammu and Kashmir Bank Ltd,Kw8,0
2025,Jammu and Kashmir Bank Ltd,Kw9,1
2025,Jammu and Kashmir Bank Ltd,Kw10,2
2025,Jammu and Kashmir Bank Ltd,Kw11,0
2025,Jammu and Kashmir Bank Ltd,Kw12,7
2025,Jammu and Kashmir Bank Ltd,Kw13,1
2024,Jammu and Kashmir Bank Ltd,Kw1,24
2024,Jammu and Kashmir Bank Ltd,Kw2,7
2024,Jammu and Kashmir Bank Ltd,Kw3,0
2024,Jammu and Kashmir Bank Ltd,Kw4,0
2024,Jammu and Kashmir Bank Ltd,Kw5,0
2024,Jammu and Kashmir Bank Ltd,Kw6,100
2024,Jammu and Kashmir Bank Ltd,Kw7,2
2024,Jammu and Kashmir Bank Ltd,Kw8,0
2024,Jammu and Kashmir Bank Ltd,Kw9,1
2024,Jammu and Kashmir Bank Ltd,Kw10,1
2024,Jammu and Kashmir Bank Ltd,Kw11,0
2024,Jammu and Kashmir Bank Ltd,Kw12,2
2024,Jammu and Kashmir Bank Ltd,Kw13,0
2023,Jammu and Kashmir Bank Ltd,Kw1,14
2023,Jammu and Kashmir Bank Ltd,Kw2,10
2023,Jammu and Kashmir Bank Ltd,Kw3,0
2023,Jammu and Kashmir Bank Ltd,Kw4,0
2023,Jammu and Kashmir Bank Ltd,Kw5,0
2023,Jammu and Kashmir Bank Ltd,Kw6,96
2023,Jammu and Kashmir Bank Ltd,Kw7,0
2023,Jammu and Kashmir Bank Ltd,Kw8,0
2023,Jammu and Kashmir Bank Ltd,Kw9,1
2023,Jammu and Kashmir Bank Ltd,Kw10,2
2023,Jammu and Kashmir Bank Ltd,Kw11,0
2023,Jammu and Kashmir Bank Ltd,Kw12,4
2023,Jammu and Kashmir Bank Ltd,Kw13,0
2022,Jammu and Kashmir Bank Ltd,Kw1,27
2022,Jammu and Kashmir Bank Ltd,Kw2,3
2022,Jammu and Kashmir Bank Ltd,Kw3,0
2022,Jammu and Kashmir Bank Ltd,Kw4,0
2022,Jammu and Kashmir Bank Ltd,Kw5,1
2022,Jammu and Kashmir Bank Ltd,Kw6,88
2022,Jammu and Kashmir Bank Ltd,Kw7,0
2022,Jammu and Kashmir Bank Ltd,Kw8,0
2022,Jammu and Kashmir Bank Ltd,Kw9,0
2022,Jammu and Kashmir Bank Ltd,Kw10,1
2022,Jammu and Kashmir Bank Ltd,Kw11,0
2022,Jammu and Kashmir Bank Ltd,Kw12,7
2022,Jammu and Kashmir Bank Ltd,Kw13,0
2021,Jammu and Kashmir Bank Ltd,Kw1,22
2021,Jammu and Kashmir Bank Ltd,Kw2,2
2021,Jammu and Kashmir Bank Ltd,Kw3,0
2021,Jammu and Kashmir Bank Ltd,Kw4,0
2021,Jammu and Kashmir Bank Ltd,Kw5,0
2021,Jammu and Kashmir Bank Ltd,Kw6,77
2021,Jammu and Kashmir Bank Ltd,Kw7,0
2021,Jammu and Kashmir Bank Ltd,Kw8,0
2021,Jammu and Kashmir Bank Ltd,Kw9,0
2021,Jammu and Kashmir Bank Ltd,Kw10,2
2021,Jammu and Kashmir Bank Ltd,Kw11,0
2021,Jammu and Kashmir Bank Ltd,Kw12,7
2021,Jammu and Kashmir Bank Ltd,Kw13,0
2020,Jammu and Kashmir Bank Ltd,Kw1,18
2020,Jammu and Kashmir Bank Ltd,Kw2,1
2020,Jammu and Kashmir Bank Ltd,Kw3,0
2020,Jammu and Kashmir Bank Ltd,Kw4,0
2020,Jammu and Kashmir Bank Ltd,Kw5,0
2020,Jammu and Kashmir Bank Ltd,Kw6,73
2020,Jammu and Kashmir Bank Ltd,Kw7,0
2020,Jammu and Kashmir Bank Ltd,Kw8,0
2020,Jammu and Kashmir Bank Ltd,Kw9,0
2020,Jammu and Kashmir Bank Ltd,Kw10,0
2020,Jammu and Kashmir Bank Ltd,Kw11,0
2020,Jammu and Kashmir Bank Ltd,Kw12,1
2020,Jammu and Kashmir Bank Ltd,Kw13,0
2019,Jammu and Kashmir Bank Ltd,Kw1,9
2019,Jammu and Kashmir Bank Ltd,Kw2,1
2019,Jammu and Kashmir Bank Ltd,Kw3,0
2019,Jammu and Kashmir Bank Ltd,Kw4,0
2019,Jammu and Kashmir Bank Ltd,Kw5,0
2019,Jammu and Kashmir Bank Ltd,Kw6,81
2019,Jammu and Kashmir Bank Ltd,Kw7,0
2019,Jammu and Kashmir Bank Ltd,Kw8,0
2019,Jammu and Kashmir Bank Ltd,Kw9,0
2019,Jammu and Kashmir Bank Ltd,Kw10,0
2019,Jammu and Kashmir Bank Ltd,Kw11,0
2019,Jammu and Kashmir Bank Ltd,Kw12,10
2019,Jammu and Kashmir Bank Ltd,Kw13,2
2018,Jammu and Kashmir Bank Ltd,Kw1,0
2018,Jammu and Kashmir Bank Ltd,Kw2,0
2018,Jammu and Kashmir Bank Ltd,Kw3,0
2018,Jammu and Kashmir Bank Ltd,Kw4,0
2018,Jammu and Kashmir Bank Ltd,Kw5,0
2018,Jammu and Kashmir Bank Ltd,Kw6,59
2018,Jammu and Kashmir Bank Ltd,Kw7,0
2018,Jammu and Kashmir Bank Ltd,Kw8,0
2018,Jammu and Kashmir Bank Ltd,Kw9,1
2018,Jammu and Kashmir Bank Ltd,Kw10,0
2018,Jammu and Kashmir Bank Ltd,Kw11,0
2018,Jammu and Kashmir Bank Ltd,Kw12,3
2018,Jammu and Kashmir Bank Ltd,Kw13,1
2017,Jammu and Kashmir Bank Ltd,Kw1,0
2017,Jammu and Kashmir Bank Ltd,Kw2,6
2017,Jammu and Kashmir Bank Ltd,Kw3,0
2017,Jammu and Kashmir Bank Ltd,Kw4,0
2017,Jammu and Kashmir Bank Ltd,Kw5,0
2017,Jammu and Kashmir Bank Ltd,Kw6,54
2017,Jammu and Kashmir Bank Ltd,Kw7,0
2017,Jammu and Kashmir Bank Ltd,Kw8,0
2017,Jammu and Kashmir Bank Ltd,Kw9,1
2017,Jammu and Kashmir Bank Ltd,Kw10,0
2017,Jammu and Kashmir Bank Ltd,Kw11,0
2017,Jammu and Kashmir Bank Ltd,Kw12,4
2017,Jammu and Kashmir Bank Ltd,Kw13,1
2016,Jammu and Kashmir Bank Ltd,Kw1,0
2016,Jammu and Kashmir Bank Ltd,Kw2,1
2016,Jammu and Kashmir Bank Ltd,Kw3,0
2016,Jammu and Kashmir Bank Ltd,Kw4,0
2016,Jammu and Kashmir Bank Ltd,Kw5,0
2016,Jammu and Kashmir Bank Ltd,Kw6,44
2016,Jammu and Kashmir Bank Ltd,Kw7,0
2016,Jammu and Kashmir Bank Ltd,Kw8,0
2016,Jammu and Kashmir Bank Ltd,Kw9,0
2016,Jammu and Kashmir Bank Ltd,Kw10,0
2016,Jammu and Kashmir Bank Ltd,Kw11,0
2016,Jammu and Kashmir Bank Ltd,Kw12,9
2016,Jammu and Kashmir Bank Ltd,Kw13,1
2015,Jammu and Kashmir Bank Ltd,Kw1,0
2015,Jammu and Kashmir Bank Ltd,Kw2,0
2015,Jammu and Kashmir Bank Ltd,Kw3,0
2015,Jammu and Kashmir Bank Ltd,Kw4,0
2015,Jammu and Kashmir Bank Ltd,Kw5,0
2015,Jammu and Kashmir Bank Ltd,Kw6,23
2015,Jammu and Kashmir Bank Ltd,Kw7,0
2015,Jammu and Kashmir Bank Ltd,Kw8,0
2015,Jammu and Kashmir Bank Ltd,Kw9,0
2015,Jammu and Kashmir Bank Ltd,Kw10,0
2015,Jammu and Kashmir Bank Ltd,Kw11,0
2015,Jammu and Kashmir Bank Ltd,Kw12,0
2015,Jammu and Kashmir Bank Ltd,Kw13,1
2025,United Overseas Bank Ltd,Kw1,0
2025,United Overseas Bank Ltd,Kw2,2
2025,United Overseas Bank Ltd,Kw3,2
2025,United Overseas Bank Ltd,Kw4,0
2025,United Overseas Bank Ltd,Kw5,2
2025,United Overseas Bank Ltd,Kw6,70
2025,United Overseas Bank Ltd,Kw7,0
2025,United Overseas Bank Ltd,Kw8,0
2025,United Overseas Bank Ltd,Kw9,8
2025,United Overseas Bank Ltd,Kw10,0
2025,United Overseas Bank Ltd,Kw11,0
2025,United Overseas Bank Ltd,Kw12,0
2025,United Overseas Bank Ltd,Kw13,2
2024,United Overseas Bank Ltd,Kw1,0
2024,United Overseas Bank Ltd,Kw2,0
2024,United Overseas Bank Ltd,Kw3,4
2024,United Overseas Bank Ltd,Kw4,0
2024,United Overseas Bank Ltd,Kw5,2
2024,United Overseas Bank Ltd,Kw6,59
2024,United Overseas Bank Ltd,Kw7,0
2024,United Overseas Bank Ltd,Kw8,0
2024,United Overseas Bank Ltd,Kw9,7
2024,United Overseas Bank Ltd,Kw10,0
2024,United Overseas Bank Ltd,Kw11,0
2024,United Overseas Bank Ltd,Kw12,0
2024,United Overseas Bank Ltd,Kw13,2
2023,United Overseas Bank Ltd,Kw1,2
2023,United Overseas Bank Ltd,Kw2,3
2023,United Overseas Bank Ltd,Kw3,3
2023,United Overseas Bank Ltd,Kw4,0
2023,United Overseas Bank Ltd,Kw5,5
2023,United Overseas Bank Ltd,Kw6,59
2023,United Overseas Bank Ltd,Kw7,0
2023,United Overseas Bank Ltd,Kw8,0
2023,United Overseas Bank Ltd,Kw9,7
2023,United Overseas Bank Ltd,Kw10,0
2023,United Overseas Bank Ltd,Kw11,1
2023,United Overseas Bank Ltd,Kw12,2
2023,United Overseas Bank Ltd,Kw13,2
2022,United Overseas Bank Ltd,Kw1,3
2022,United Overseas Bank Ltd,Kw2,0
2022,United Overseas Bank Ltd,Kw3,3
2022,United Overseas Bank Ltd,Kw4,1
2022,United Overseas Bank Ltd,Kw5,1
2022,United Overseas Bank Ltd,Kw6,43
2022,United Overseas Bank Ltd,Kw7,1
2022,United Overseas Bank Ltd,Kw8,0
2022,United Overseas Bank Ltd,Kw9,8
2022,United Overseas Bank Ltd,Kw10,0
2022,United Overseas Bank Ltd,Kw11,0
2022,United Overseas Bank Ltd,Kw12,5
2022,United Overseas Bank Ltd,Kw13,2
2021,United Overseas Bank Ltd,Kw1,3
2021,United Overseas Bank Ltd,Kw2,3
2021,United Overseas Bank Ltd,Kw3,5
2021,United Overseas Bank Ltd,Kw4,0
2021,United Overseas Bank Ltd,Kw5,6
2021,United Overseas Bank Ltd,Kw6,48
2021,United Overseas Bank Ltd,Kw7,2
2021,United Overseas Bank Ltd,Kw8,0
2021,United Overseas Bank Ltd,Kw9,8
2021,United Overseas Bank Ltd,Kw10,1
2021,United Overseas Bank Ltd,Kw11,0
2021,United Overseas Bank Ltd,Kw12,2
2021,United Overseas Bank Ltd,Kw13,3
2020,United Overseas Bank Ltd,Kw1,6
2020,United Overseas Bank Ltd,Kw2,1
2020,United Overseas Bank Ltd,Kw3,0
2020,United Overseas Bank Ltd,Kw4,1
2020,United Overseas Bank Ltd,Kw5,3
2020,United Overseas Bank Ltd,Kw6,41
2020,United Overseas Bank Ltd,Kw7,1
2020,United Overseas Bank Ltd,Kw8,0
2020,United Overseas Bank Ltd,Kw9,8
2020,United Overseas Bank Ltd,Kw10,0
2020,United Overseas Bank Ltd,Kw11,0
2020,United Overseas Bank Ltd,Kw12,0
2020,United Overseas Bank Ltd,Kw13,3
2019,United Overseas Bank Ltd,Kw1,3
2019,United Overseas Bank Ltd,Kw2,3
2019,United Overseas Bank Ltd,Kw3,2
2019,United Overseas Bank Ltd,Kw4,1
2019,United Overseas Bank Ltd,Kw5,1
2019,United Overseas Bank Ltd,Kw6,61
2019,United Overseas Bank Ltd,Kw7,3
2019,United Overseas Bank Ltd,Kw8,2
2019,United Overseas Bank Ltd,Kw9,19
2019,United Overseas Bank Ltd,Kw10,2
2019,United Overseas Bank Ltd,Kw11,0
2019,United Overseas Bank Ltd,Kw12,4
2019,United Overseas Bank Ltd,Kw13,8
2018,United Overseas Bank Ltd,Kw1,15
2018,United Overseas Bank Ltd,Kw2,7
2018,United Overseas Bank Ltd,Kw3,0
2018,United Overseas Bank Ltd,Kw4,2
2018,United Overseas Bank Ltd,Kw5,4
2018,United Overseas Bank Ltd,Kw6,71
2018,United Overseas Bank Ltd,Kw7,0
2018,United Overseas Bank Ltd,Kw8,1
2018,United Overseas Bank Ltd,Kw9,10
2018,United Overseas Bank Ltd,Kw10,0
2018,United Overseas Bank Ltd,Kw11,0
2018,United Overseas Bank Ltd,Kw12,5
2018,United Overseas Bank Ltd,Kw13,3
2017,United Overseas Bank Ltd,Kw1,23
2017,United Overseas Bank Ltd,Kw2,5
2017,United Overseas Bank Ltd,Kw3,2
2017,United Overseas Bank Ltd,Kw4,0
2017,United Overseas Bank Ltd,Kw5,1
2017,United Overseas Bank Ltd,Kw6,61
2017,United Overseas Bank Ltd,Kw7,1
2017,United Overseas Bank Ltd,Kw8,4
2017,United Overseas Bank Ltd,Kw9,4
2017,United Overseas Bank Ltd,Kw10,0
2017,United Overseas Bank Ltd,Kw11,0
2017,United Overseas Bank Ltd,Kw12,5
2017,United Overseas Bank Ltd,Kw13,2
2016,United Overseas Bank Ltd,Kw1,16
2016,United Overseas Bank Ltd,Kw2,0
2016,United Overseas Bank Ltd,Kw3,1
2016,United Overseas Bank Ltd,Kw4,1
2016,United Overseas Bank Ltd,Kw5,8
2016,United Overseas Bank Ltd,Kw6,57
2016,United Overseas Bank Ltd,Kw7,0
2016,United Overseas Bank Ltd,Kw8,6
2016,United Overseas Bank Ltd,Kw9,0
2016,United Overseas Bank Ltd,Kw10,0
2016,United Overseas Bank Ltd,Kw11,0
2016,United Overseas Bank Ltd,Kw12,4
2016,United Overseas Bank Ltd,Kw13,0
2015,United Overseas Bank Ltd,Kw1,4
2015,United Overseas Bank Ltd,Kw2,0
2015,United Overseas Bank Ltd,Kw3,0
2015,United Overseas Bank Ltd,Kw4,1
2015,United Overseas Bank Ltd,Kw5,4
2015,United Overseas Bank Ltd,Kw6,42
2015,United Overseas Bank Ltd,Kw7,0
2015,United Overseas Bank Ltd,Kw8,0
2015,United Overseas Bank Ltd,Kw9,1
2015,United Overseas Bank Ltd,Kw10,0
2015,United Overseas Bank Ltd,Kw11,0
2015,United Overseas Bank Ltd,Kw12,6
2015,United Overseas Bank Ltd,Kw13,0
2025,DBS Group Holdings Ltd,Kw1,2
2025,DBS Group Holdings Ltd,Kw2,0
2025,DBS Group Holdings Ltd,Kw3,0
2025,DBS Group Holdings Ltd,Kw4,0
2025,DBS Group Holdings Ltd,Kw5,0
2025,DBS Group Holdings Ltd,Kw6,24
2025,DBS Group Holdings Ltd,Kw7,0
2025,DBS Group Holdings Ltd,Kw8,0
2025,DBS Group Holdings Ltd,Kw9,1
2025,DBS Group Holdings Ltd,Kw10,0
2025,DBS Group Holdings Ltd,Kw11,0
2025,DBS Group Holdings Ltd,Kw12,0
2025,DBS Group Holdings Ltd,Kw13,0
2024,DBS Group Holdings Ltd,Kw1,0
2024,DBS Group Holdings Ltd,Kw2,0
2024,DBS Group Holdings Ltd,Kw3,0
2024,DBS Group Holdings Ltd,Kw4,0
2024,DBS Group Holdings Ltd,Kw5,0
2024,DBS Group Holdings Ltd,Kw6,17
2024,DBS Group Holdings Ltd,Kw7,0
2024,DBS Group Holdings Ltd,Kw8,0
2024,DBS Group Holdings Ltd,Kw9,2
2024,DBS Group Holdings Ltd,Kw10,0
2024,DBS Group Holdings Ltd,Kw11,0
2024,DBS Group Holdings Ltd,Kw12,0
2024,DBS Group Holdings Ltd,Kw13,0
2023,DBS Group Holdings Ltd,Kw1,0
2023,DBS Group Holdings Ltd,Kw2,0
2023,DBS Group Holdings Ltd,Kw3,0
2023,DBS Group Holdings Ltd,Kw4,0
2023,DBS Group Holdings Ltd,Kw5,0
2023,DBS Group Holdings Ltd,Kw6,0
2023,DBS Group Holdings Ltd,Kw7,0
2023,DBS Group Holdings Ltd,Kw8,0
2023,DBS Group Holdings Ltd,Kw9,3
2023,DBS Group Holdings Ltd,Kw10,0
2023,DBS Group Holdings Ltd,Kw11,0
2023,DBS Group Holdings Ltd,Kw12,0
2023,DBS Group Holdings Ltd,Kw13,0
2022,DBS Group Holdings Ltd,Kw1,0
2022,DBS Group Holdings Ltd,Kw2,0
2022,DBS Group Holdings Ltd,Kw3,0
2022,DBS Group Holdings Ltd,Kw4,0
2022,DBS Group Holdings Ltd,Kw5,0
2022,DBS Group Holdings Ltd,Kw6,0
2022,DBS Group Holdings Ltd,Kw7,0
2022,DBS Group Holdings Ltd,Kw8,0
2022,DBS Group Holdings Ltd,Kw9,0
2022,DBS Group Holdings Ltd,Kw10,0
2022,DBS Group Holdings Ltd,Kw11,0
2022,DBS Group Holdings Ltd,Kw12,0
2022,DBS Group Holdings Ltd,Kw13,0
2021,DBS Group Holdings Ltd,Kw1,4
2021,DBS Group Holdings Ltd,Kw2,1
2021,DBS Group Holdings Ltd,Kw3,16
2021,DBS Group Holdings Ltd,Kw4,0
2021,DBS Group Holdings Ltd,Kw5,9
2021,DBS Group Holdings Ltd,Kw6,89
2021,DBS Group Holdings Ltd,Kw7,0
2021,DBS Group Holdings Ltd,Kw8,0
2021,DBS Group Holdings Ltd,Kw9,18
2021,DBS Group Holdings Ltd,Kw10,0
2021,DBS Group Holdings Ltd,Kw11,0
2021,DBS Group Holdings Ltd,Kw12,1
2021,DBS Group Holdings Ltd,Kw13,3
2020,DBS Group Holdings Ltd,Kw1,4
2020,DBS Group Holdings Ltd,Kw2,1
2020,DBS Group Holdings Ltd,Kw3,8
2020,DBS Group Holdings Ltd,Kw4,0
2020,DBS Group Holdings Ltd,Kw5,6
2020,DBS Group Holdings Ltd,Kw6,59
2020,DBS Group Holdings Ltd,Kw7,1
2020,DBS Group Holdings Ltd,Kw8,0
2020,DBS Group Holdings Ltd,Kw9,21
2020,DBS Group Holdings Ltd,Kw10,0
2020,DBS Group Holdings Ltd,Kw11,2
2020,DBS Group Holdings Ltd,Kw12,2
2020,DBS Group Holdings Ltd,Kw13,0
2019,DBS Group Holdings Ltd,Kw1,3
2019,DBS Group Holdings Ltd,Kw2,2
2019,DBS Group Holdings Ltd,Kw3,6
2019,DBS Group Holdings Ltd,Kw4,4
2019,DBS Group Holdings Ltd,Kw5,1
2019,DBS Group Holdings Ltd,Kw6,86
2019,DBS Group Holdings Ltd,Kw7,3
2019,DBS Group Holdings Ltd,Kw8,0
2019,DBS Group Holdings Ltd,Kw9,10
2019,DBS Group Holdings Ltd,Kw10,0
2019,DBS Group Holdings Ltd,Kw11,0
2019,DBS Group Holdings Ltd,Kw12,1
2019,DBS Group Holdings Ltd,Kw13,2
2018,DBS Group Holdings Ltd,Kw1,3
2018,DBS Group Holdings Ltd,Kw2,1
2018,DBS Group Holdings Ltd,Kw3,10
2018,DBS Group Holdings Ltd,Kw4,3
2018,DBS Group Holdings Ltd,Kw5,2
2018,DBS Group Holdings Ltd,Kw6,100
2018,DBS Group Holdings Ltd,Kw7,1
2018,DBS Group Holdings Ltd,Kw8,0
2018,DBS Group Holdings Ltd,Kw9,2
2018,DBS Group Holdings Ltd,Kw10,0
2018,DBS Group Holdings Ltd,Kw11,1
2018,DBS Group Holdings Ltd,Kw12,0
2018,DBS Group Holdings Ltd,Kw13,1
2017,DBS Group Holdings Ltd,Kw1,4
2017,DBS Group Holdings Ltd,Kw2,3
2017,DBS Group Holdings Ltd,Kw3,1
2017,DBS Group Holdings Ltd,Kw4,4
2017,DBS Group Holdings Ltd,Kw5,1
2017,DBS Group Holdings Ltd,Kw6,99
2017,DBS Group Holdings Ltd,Kw7,0
2017,DBS Group Holdings Ltd,Kw8,0
2017,DBS Group Holdings Ltd,Kw9,1
2017,DBS Group Holdings Ltd,Kw10,0
2017,DBS Group Holdings Ltd,Kw11,0
2017,DBS Group Holdings Ltd,Kw12,2
2017,DBS Group Holdings Ltd,Kw13,1
2016,DBS Group Holdings Ltd,Kw1,12
2016,DBS Group Holdings Ltd,Kw2,2
2016,DBS Group Holdings Ltd,Kw3,0
2016,DBS Group Holdings Ltd,Kw4,0
2016,DBS Group Holdings Ltd,Kw5,3
2016,DBS Group Holdings Ltd,Kw6,86
2016,DBS Group Holdings Ltd,Kw7,0
2016,DBS Group Holdings Ltd,Kw8,0
2016,DBS Group Holdings Ltd,Kw9,2
2016,DBS Group Holdings Ltd,Kw10,0
2016,DBS Group Holdings Ltd,Kw11,0
2016,DBS Group Holdings Ltd,Kw12,0
2016,DBS Group Holdings Ltd,Kw13,3
2015,DBS Group Holdings Ltd,Kw1,7
2015,DBS Group Holdings Ltd,Kw2,0
2015,DBS Group Holdings Ltd,Kw3,0
2015,DBS Group Holdings Ltd,Kw4,1
2015,DBS Group Holdings Ltd,Kw5,0
2015,DBS Group Holdings Ltd,Kw6,64
2015,DBS Group Holdings Ltd,Kw7,0
2015,DBS Group Holdings Ltd,Kw8,0
2015,DBS Group Holdings Ltd,Kw9,0
2015,DBS Group Holdings Ltd,Kw10,0
2015,DBS Group Holdings Ltd,Kw11,0
2015,DBS Group Holdings Ltd,Kw12,1
2015,DBS Group Holdings Ltd,Kw13,2
2025,Bank of India Ltd,Kw1,1
2025,Bank of India Ltd,Kw2,2
2025,Bank of India Ltd,Kw3,3
2025,Bank of India Ltd,Kw4,1
2025,Bank of India Ltd,Kw5,0
2025,Bank of India Ltd,Kw6,36
2025,Bank of India Ltd,Kw7,0
2025,Bank of India Ltd,Kw8,0
2025,Bank of India Ltd,Kw9,1
2025,Bank of India Ltd,Kw10,4
2025,Bank of India Ltd,Kw11,0
2025,Bank of India Ltd,Kw12,0
2025,Bank of India Ltd,Kw13,0
2024,Bank of India Ltd,Kw1,3
2024,Bank of India Ltd,Kw2,1
2024,Bank of India Ltd,Kw3,1
2024,Bank of India Ltd,Kw4,0
2024,Bank of India Ltd,Kw5,1
2024,Bank of India Ltd,Kw6,39
2024,Bank of India Ltd,Kw7,0
2024,Bank of India Ltd,Kw8,0
2024,Bank of India Ltd,Kw9,4
2024,Bank of India Ltd,Kw10,16
2024,Bank of India Ltd,Kw11,0
2024,Bank of India Ltd,Kw12,0
2024,Bank of India Ltd,Kw13,1
2023,Bank of India Ltd,Kw1,4
2023,Bank of India Ltd,Kw2,3
2023,Bank of India Ltd,Kw3,1
2023,Bank of India Ltd,Kw4,0
2023,Bank of India Ltd,Kw5,1
2023,Bank of India Ltd,Kw6,50
2023,Bank of India Ltd,Kw7,0
2023,Bank of India Ltd,Kw8,0
2023,Bank of India Ltd,Kw9,0
2023,Bank of India Ltd,Kw10,0
2023,Bank of India Ltd,Kw11,0
2023,Bank of India Ltd,Kw12,0
2023,Bank of India Ltd,Kw13,0
2022,Bank of India Ltd,Kw1,3
2022,Bank of India Ltd,Kw2,1
2022,Bank of India Ltd,Kw3,0
2022,Bank of India Ltd,Kw4,0
2022,Bank of India Ltd,Kw5,0
2022,Bank of India Ltd,Kw6,50
2022,Bank of India Ltd,Kw7,0
2022,Bank of India Ltd,Kw8,0
2022,Bank of India Ltd,Kw9,0
2022,Bank of India Ltd,Kw10,4
2022,Bank of India Ltd,Kw11,0
2022,Bank of India Ltd,Kw12,0
2022,Bank of India Ltd,Kw13,0
2021,Bank of India Ltd,Kw1,0
2021,Bank of India Ltd,Kw2,4
2021,Bank of India Ltd,Kw3,0
2021,Bank of India Ltd,Kw4,0
2021,Bank of India Ltd,Kw5,0
2021,Bank of India Ltd,Kw6,48
2021,Bank of India Ltd,Kw7,0
2021,Bank of India Ltd,Kw8,0
2021,Bank of India Ltd,Kw9,0
2021,Bank of India Ltd,Kw10,0
2021,Bank of India Ltd,Kw11,0
2021,Bank of India Ltd,Kw12,0
2021,Bank of India Ltd,Kw13,0
2020,Bank of India Ltd,Kw1,0
2020,Bank of India Ltd,Kw2,0
2020,Bank of India Ltd,Kw3,0
2020,Bank of India Ltd,Kw4,0
2020,Bank of India Ltd,Kw5,1
2020,Bank of India Ltd,Kw6,42
2020,Bank of India Ltd,Kw7,0
2020,Bank of India Ltd,Kw8,0
2020,Bank of India Ltd,Kw9,1
2020,Bank of India Ltd,Kw10,0
2020,Bank of India Ltd,Kw11,0
2020,Bank of India Ltd,Kw12,0
2020,Bank of India Ltd,Kw13,0
2019,Bank of India Ltd,Kw1,2
2019,Bank of India Ltd,Kw2,0
2019,Bank of India Ltd,Kw3,0
2019,Bank of India Ltd,Kw4,0
2019,Bank of India Ltd,Kw5,0
2019,Bank of India Ltd,Kw6,45
2019,Bank of India Ltd,Kw7,1
2019,Bank of India Ltd,Kw8,0
2019,Bank of India Ltd,Kw9,0
2019,Bank of India Ltd,Kw10,0
2019,Bank of India Ltd,Kw11,0
2019,Bank of India Ltd,Kw12,0
2019,Bank of India Ltd,Kw13,0
2018,Bank of India Ltd,Kw1,5
2018,Bank of India Ltd,Kw2,1
2018,Bank of India Ltd,Kw3,0
2018,Bank of India Ltd,Kw4,0
2018,Bank of India Ltd,Kw5,1
2018,Bank of India Ltd,Kw6,25
2018,Bank of India Ltd,Kw7,0
2018,Bank of India Ltd,Kw8,0
2018,Bank of India Ltd,Kw9,0
2018,Bank of India Ltd,Kw10,0
2018,Bank of India Ltd,Kw11,0
2018,Bank of India Ltd,Kw12,0
2018,Bank of India Ltd,Kw13,0
2017,Bank of India Ltd,Kw1,1
2017,Bank of India Ltd,Kw2,1
2017,Bank of India Ltd,Kw3,0
2017,Bank of India Ltd,Kw4,0
2017,Bank of India Ltd,Kw5,1
2017,Bank of India Ltd,Kw6,23
2017,Bank of India Ltd,Kw7,0
2017,Bank of India Ltd,Kw8,0
2017,Bank of India Ltd,Kw9,0
2017,Bank of India Ltd,Kw10,0
2017,Bank of India Ltd,Kw11,0
2017,Bank of India Ltd,Kw12,0
2017,Bank of India Ltd,Kw13,0
2016,Bank of India Ltd,Kw1,0
2016,Bank of India Ltd,Kw2,0
2016,Bank of India Ltd,Kw3,0
2016,Bank of India Ltd,Kw4,0
2016,Bank of India Ltd,Kw5,0
2016,Bank of India Ltd,Kw6,15
2016,Bank of India Ltd,Kw7,0
2016,Bank of India Ltd,Kw8,0
2016,Bank of India Ltd,Kw9,0
2016,Bank of India Ltd,Kw10,0
2016,Bank of India Ltd,Kw11,0
2016,Bank of India Ltd,Kw12,0
2016,Bank of India Ltd,Kw13,0
2015,Bank of India Ltd,Kw1,0
2015,Bank of India Ltd,Kw2,7
2015,Bank of India Ltd,Kw3,0
2015,Bank of India Ltd,Kw4,0
2015,Bank of India Ltd,Kw5,3
2015,Bank of India Ltd,Kw6,28
2015,Bank of India Ltd,Kw7,0
2015,Bank of India Ltd,Kw8,0
2015,Bank of India Ltd,Kw9,0
2015,Bank of India Ltd,Kw10,0
2015,Bank of India Ltd,Kw11,0
2015,Bank of India Ltd,Kw12,0
2015,Bank of India Ltd,Kw13,0
2025,IDBI Bank Ltd,Kw1,5
2025,IDBI Bank Ltd,Kw2,2
2025,IDBI Bank Ltd,Kw3,6
2025,IDBI Bank Ltd,Kw4,0
2025,IDBI Bank Ltd,Kw5,0
2025,IDBI Bank Ltd,Kw6,100
2025,IDBI Bank Ltd,Kw7,0
2025,IDBI Bank Ltd,Kw8,0
2025,IDBI Bank Ltd,Kw9,1
2025,IDBI Bank Ltd,Kw10,1
2025,IDBI Bank Ltd,Kw11,0
2025,IDBI Bank Ltd,Kw12,2
2025,IDBI Bank Ltd,Kw13,0
2024,IDBI Bank Ltd,Kw1,6
2024,IDBI Bank Ltd,Kw2,3
2024,IDBI Bank Ltd,Kw3,0
2024,IDBI Bank Ltd,Kw4,0
2024,IDBI Bank Ltd,Kw5,0
2024,IDBI Bank Ltd,Kw6,100
2024,IDBI Bank Ltd,Kw7,0
2024,IDBI Bank Ltd,Kw8,0
2024,IDBI Bank Ltd,Kw9,0
2024,IDBI Bank Ltd,Kw10,0
2024,IDBI Bank Ltd,Kw11,0
2024,IDBI Bank Ltd,Kw12,1
2024,IDBI Bank Ltd,Kw13,0
2023,IDBI Bank Ltd,Kw1,8
2023,IDBI Bank Ltd,Kw2,2
2023,IDBI Bank Ltd,Kw3,1
2023,IDBI Bank Ltd,Kw4,0
2023,IDBI Bank Ltd,Kw5,3
2023,IDBI Bank Ltd,Kw6,97
2023,IDBI Bank Ltd,Kw7,0
2023,IDBI Bank Ltd,Kw8,0
2023,IDBI Bank Ltd,Kw9,0
2023,IDBI Bank Ltd,Kw10,0
2023,IDBI Bank Ltd,Kw11,0
2023,IDBI Bank Ltd,Kw12,1
2023,IDBI Bank Ltd,Kw13,0
2022,IDBI Bank Ltd,Kw1,6
2022,IDBI Bank Ltd,Kw2,3
2022,IDBI Bank Ltd,Kw3,2
2022,IDBI Bank Ltd,Kw4,0
2022,IDBI Bank Ltd,Kw5,7
2022,IDBI Bank Ltd,Kw6,64
2022,IDBI Bank Ltd,Kw7,0
2022,IDBI Bank Ltd,Kw8,0
2022,IDBI Bank Ltd,Kw9,6
2022,IDBI Bank Ltd,Kw10,0
2022,IDBI Bank Ltd,Kw11,0
2022,IDBI Bank Ltd,Kw12,1
2022,IDBI Bank Ltd,Kw13,2
2021,IDBI Bank Ltd,Kw1,3
2021,IDBI Bank Ltd,Kw2,1
2021,IDBI Bank Ltd,Kw3,1
2021,IDBI Bank Ltd,Kw4,2
2021,IDBI Bank Ltd,Kw5,2
2021,IDBI Bank Ltd,Kw6,46
2021,IDBI Bank Ltd,Kw7,2
2021,IDBI Bank Ltd,Kw8,0
2021,IDBI Bank Ltd,Kw9,4
2021,IDBI Bank Ltd,Kw10,1
2021,IDBI Bank Ltd,Kw11,1
2021,IDBI Bank Ltd,Kw12,1
2021,IDBI Bank Ltd,Kw13,0
2020,IDBI Bank Ltd,Kw1,4
2020,IDBI Bank Ltd,Kw2,3
2020,IDBI Bank Ltd,Kw3,0
2020,IDBI Bank Ltd,Kw4,0
2020,IDBI Bank Ltd,Kw5,0
2020,IDBI Bank Ltd,Kw6,50
2020,IDBI Bank Ltd,Kw7,0
2020,IDBI Bank Ltd,Kw8,0
2020,IDBI Bank Ltd,Kw9,2
2020,IDBI Bank Ltd,Kw10,0
2020,IDBI Bank Ltd,Kw11,0
2020,IDBI Bank Ltd,Kw12,3
2020,IDBI Bank Ltd,Kw13,0
2019,IDBI Bank Ltd,Kw1,4
2019,IDBI Bank Ltd,Kw2,3
2019,IDBI Bank Ltd,Kw3,0
2019,IDBI Bank Ltd,Kw4,0
2019,IDBI Bank Ltd,Kw5,0
2019,IDBI Bank Ltd,Kw6,46
2019,IDBI Bank Ltd,Kw7,0
2019,IDBI Bank Ltd,Kw8,0
2019,IDBI Bank Ltd,Kw9,1
2019,IDBI Bank Ltd,Kw10,0
2019,IDBI Bank Ltd,Kw11,0
2019,IDBI Bank Ltd,Kw12,1
2019,IDBI Bank Ltd,Kw13,0
2018,IDBI Bank Ltd,Kw1,0
2018,IDBI Bank Ltd,Kw2,3
2018,IDBI Bank Ltd,Kw3,0
2018,IDBI Bank Ltd,Kw4,0
2018,IDBI Bank Ltd,Kw5,0
2018,IDBI Bank Ltd,Kw6,26
2018,IDBI Bank Ltd,Kw7,0
2018,IDBI Bank Ltd,Kw8,0
2018,IDBI Bank Ltd,Kw9,0
2018,IDBI Bank Ltd,Kw10,0
2018,IDBI Bank Ltd,Kw11,0
2018,IDBI Bank Ltd,Kw12,0
2018,IDBI Bank Ltd,Kw13,1
2017,IDBI Bank Ltd,Kw1,0
2017,IDBI Bank Ltd,Kw2,5
2017,IDBI Bank Ltd,Kw3,0
2017,IDBI Bank Ltd,Kw4,0
2017,IDBI Bank Ltd,Kw5,0
2017,IDBI Bank Ltd,Kw6,28
2017,IDBI Bank Ltd,Kw7,0
2017,IDBI Bank Ltd,Kw8,0
2017,IDBI Bank Ltd,Kw9,0
2017,IDBI Bank Ltd,Kw10,0
2017,IDBI Bank Ltd,Kw11,0
2017,IDBI Bank Ltd,Kw12,0
2017,IDBI Bank Ltd,Kw13,0
2016,IDBI Bank Ltd,Kw1,0
2016,IDBI Bank Ltd,Kw2,5
2016,IDBI Bank Ltd,Kw3,0
2016,IDBI Bank Ltd,Kw4,0
2016,IDBI Bank Ltd,Kw5,0
2016,IDBI Bank Ltd,Kw6,31
2016,IDBI Bank Ltd,Kw7,0
2016,IDBI Bank Ltd,Kw8,0
2016,IDBI Bank Ltd,Kw9,0
2016,IDBI Bank Ltd,Kw10,0
2016,IDBI Bank Ltd,Kw11,0
2016,IDBI Bank Ltd,Kw12,0
2016,IDBI Bank Ltd,Kw13,0
2015,IDBI Bank Ltd,Kw1,0
2015,IDBI Bank Ltd,Kw2,0
2015,IDBI Bank Ltd,Kw3,0
2015,IDBI Bank Ltd,Kw4,0
2015,IDBI Bank Ltd,Kw5,0
2015,IDBI Bank Ltd,Kw6,38
2015,IDBI Bank Ltd,Kw7,0
2015,IDBI Bank Ltd,Kw8,0
2015,IDBI Bank Ltd,Kw9,0
2015,IDBI Bank Ltd,Kw10,0
2015,IDBI Bank Ltd,Kw11,0
2015,IDBI Bank Ltd,Kw12,0
2015,IDBI Bank Ltd,Kw13,0
2025,Karur Vysya Bank Ltd,Kw1,25
2025,Karur Vysya Bank Ltd,Kw2,4
2025,Karur Vysya Bank Ltd,Kw3,1
2025,Karur Vysya Bank Ltd,Kw4,0
2025,Karur Vysya Bank Ltd,Kw5,6
2025,Karur Vysya Bank Ltd,Kw6,90
2025,Karur Vysya Bank Ltd,Kw7,0
2025,Karur Vysya Bank Ltd,Kw8,0
2025,Karur Vysya Bank Ltd,Kw9,9
2025,Karur Vysya Bank Ltd,Kw10,2
2025,Karur Vysya Bank Ltd,Kw11,2
2025,Karur Vysya Bank Ltd,Kw12,3
2025,Karur Vysya Bank Ltd,Kw13,1
2024,Karur Vysya Bank Ltd,Kw1,19
2024,Karur Vysya Bank Ltd,Kw2,3
2024,Karur Vysya Bank Ltd,Kw3,0
2024,Karur Vysya Bank Ltd,Kw4,2
2024,Karur Vysya Bank Ltd,Kw5,1
2024,Karur Vysya Bank Ltd,Kw6,89
2024,Karur Vysya Bank Ltd,Kw7,1
2024,Karur Vysya Bank Ltd,Kw8,0
2024,Karur Vysya Bank Ltd,Kw9,5
2024,Karur Vysya Bank Ltd,Kw10,10
2024,Karur Vysya Bank Ltd,Kw11,1
2024,Karur Vysya Bank Ltd,Kw12,1
2024,Karur Vysya Bank Ltd,Kw13,1
2023,Karur Vysya Bank Ltd,Kw1,21
2023,Karur Vysya Bank Ltd,Kw2,7
2023,Karur Vysya Bank Ltd,Kw3,2
2023,Karur Vysya Bank Ltd,Kw4,1
2023,Karur Vysya Bank Ltd,Kw5,9
2023,Karur Vysya Bank Ltd,Kw6,87
2023,Karur Vysya Bank Ltd,Kw7,1
2023,Karur Vysya Bank Ltd,Kw8,0
2023,Karur Vysya Bank Ltd,Kw9,7
2023,Karur Vysya Bank Ltd,Kw10,7
2023,Karur Vysya Bank Ltd,Kw11,1
2023,Karur Vysya Bank Ltd,Kw12,0
2023,Karur Vysya Bank Ltd,Kw13,0
2022,Karur Vysya Bank Ltd,Kw1,20
2022,Karur Vysya Bank Ltd,Kw2,12
2022,Karur Vysya Bank Ltd,Kw3,3
2022,Karur Vysya Bank Ltd,Kw4,1
2022,Karur Vysya Bank Ltd,Kw5,0
2022,Karur Vysya Bank Ltd,Kw6,84
2022,Karur Vysya Bank Ltd,Kw7,1
2022,Karur Vysya Bank Ltd,Kw8,0
2022,Karur Vysya Bank Ltd,Kw9,6
2022,Karur Vysya Bank Ltd,Kw10,5
2022,Karur Vysya Bank Ltd,Kw11,0
2022,Karur Vysya Bank Ltd,Kw12,3
2022,Karur Vysya Bank Ltd,Kw13,3
2021,Karur Vysya Bank Ltd,Kw1,14
2021,Karur Vysya Bank Ltd,Kw2,2
2021,Karur Vysya Bank Ltd,Kw3,0
2021,Karur Vysya Bank Ltd,Kw4,0
2021,Karur Vysya Bank Ltd,Kw5,0
2021,Karur Vysya Bank Ltd,Kw6,58
2021,Karur Vysya Bank Ltd,Kw7,2
2021,Karur Vysya Bank Ltd,Kw8,0
2021,Karur Vysya Bank Ltd,Kw9,3
2021,Karur Vysya Bank Ltd,Kw10,3
2021,Karur Vysya Bank Ltd,Kw11,0
2021,Karur Vysya Bank Ltd,Kw12,1
2021,Karur Vysya Bank Ltd,Kw13,1
2020,Karur Vysya Bank Ltd,Kw1,17
2020,Karur Vysya Bank Ltd,Kw2,0
2020,Karur Vysya Bank Ltd,Kw3,0
2020,Karur Vysya Bank Ltd,Kw4,1
2020,Karur Vysya Bank Ltd,Kw5,0
2020,Karur Vysya Bank Ltd,Kw6,58
2020,Karur Vysya Bank Ltd,Kw7,1
2020,Karur Vysya Bank Ltd,Kw8,0
2020,Karur Vysya Bank Ltd,Kw9,5
2020,Karur Vysya Bank Ltd,Kw10,2
2020,Karur Vysya Bank Ltd,Kw11,0
2020,Karur Vysya Bank Ltd,Kw12,0
2020,Karur Vysya Bank Ltd,Kw13,0
2019,Karur Vysya Bank Ltd,Kw1,7
2019,Karur Vysya Bank Ltd,Kw2,1
2019,Karur Vysya Bank Ltd,Kw3,0
2019,Karur Vysya Bank Ltd,Kw4,0
2019,Karur Vysya Bank Ltd,Kw5,0
2019,Karur Vysya Bank Ltd,Kw6,59
2019,Karur Vysya Bank Ltd,Kw7,0
2019,Karur Vysya Bank Ltd,Kw8,0
2019,Karur Vysya Bank Ltd,Kw9,1
2019,Karur Vysya Bank Ltd,Kw10,3
2019,Karur Vysya Bank Ltd,Kw11,0
2019,Karur Vysya Bank Ltd,Kw12,0
2019,Karur Vysya Bank Ltd,Kw13,0
2018,Karur Vysya Bank Ltd,Kw1,3
2018,Karur Vysya Bank Ltd,Kw2,1
2018,Karur Vysya Bank Ltd,Kw3,0
2018,Karur Vysya Bank Ltd,Kw4,0
2018,Karur Vysya Bank Ltd,Kw5,0
2018,Karur Vysya Bank Ltd,Kw6,32
2018,Karur Vysya Bank Ltd,Kw7,1
2018,Karur Vysya Bank Ltd,Kw8,0
2018,Karur Vysya Bank Ltd,Kw9,1
2018,Karur Vysya Bank Ltd,Kw10,0
2018,Karur Vysya Bank Ltd,Kw11,0
2018,Karur Vysya Bank Ltd,Kw12,0
2018,Karur Vysya Bank Ltd,Kw13,0
2017,Karur Vysya Bank Ltd,Kw1,0
2017,Karur Vysya Bank Ltd,Kw2,1
2017,Karur Vysya Bank Ltd,Kw3,0
2017,Karur Vysya Bank Ltd,Kw4,0
2017,Karur Vysya Bank Ltd,Kw5,0
2017,Karur Vysya Bank Ltd,Kw6,26
2017,Karur Vysya Bank Ltd,Kw7,0
2017,Karur Vysya Bank Ltd,Kw8,0
2017,Karur Vysya Bank Ltd,Kw9,0
2017,Karur Vysya Bank Ltd,Kw10,0
2017,Karur Vysya Bank Ltd,Kw11,0
2017,Karur Vysya Bank Ltd,Kw12,0
2017,Karur Vysya Bank Ltd,Kw13,0
2016,Karur Vysya Bank Ltd,Kw1,0
2016,Karur Vysya Bank Ltd,Kw2,0
2016,Karur Vysya Bank Ltd,Kw3,0
2016,Karur Vysya Bank Ltd,Kw4,0
2016,Karur Vysya Bank Ltd,Kw5,0
2016,Karur Vysya Bank Ltd,Kw6,23
2016,Karur Vysya Bank Ltd,Kw7,0
2016,Karur Vysya Bank Ltd,Kw8,0
2016,Karur Vysya Bank Ltd,Kw9,0
2016,Karur Vysya Bank Ltd,Kw10,0
2016,Karur Vysya Bank Ltd,Kw11,0
2016,Karur Vysya Bank Ltd,Kw12,0
2016,Karur Vysya Bank Ltd,Kw13,0
2015,Karur Vysya Bank Ltd,Kw1,0
2015,Karur Vysya Bank Ltd,Kw2,2
2015,Karur Vysya Bank Ltd,Kw3,0
2015,Karur Vysya Bank Ltd,Kw4,0
2015,Karur Vysya Bank Ltd,Kw5,0
2015,Karur Vysya Bank Ltd,Kw6,20
2015,Karur Vysya Bank Ltd,Kw7,0
2015,Karur Vysya Bank Ltd,Kw8,0
2015,Karur Vysya Bank Ltd,Kw9,0
2015,Karur Vysya Bank Ltd,Kw10,0
2015,Karur Vysya Bank Ltd,Kw11,0
2015,Karur Vysya Bank Ltd,Kw12,0
2015,Karur Vysya Bank Ltd,Kw13,0
2025,South Indian Bank Ltd,Kw1,29
2025,South Indian Bank Ltd,Kw2,12
2025,South Indian Bank Ltd,Kw3,1
2025,South Indian Bank Ltd,Kw4,0
2025,South Indian Bank Ltd,Kw5,1
2025,South Indian Bank Ltd,Kw6,119
2025,South Indian Bank Ltd,Kw7,0
2025,South Indian Bank Ltd,Kw8,0
2025,South Indian Bank Ltd,Kw9,3
2025,South Indian Bank Ltd,Kw10,7
2025,South Indian Bank Ltd,Kw11,2
2025,South Indian Bank Ltd,Kw12,3
2025,South Indian Bank Ltd,Kw13,0
2024,South Indian Bank Ltd,Kw1,23
2024,South Indian Bank Ltd,Kw2,11
2024,South Indian Bank Ltd,Kw3,1
2024,South Indian Bank Ltd,Kw4,1
2024,South Indian Bank Ltd,Kw5,0
2024,South Indian Bank Ltd,Kw6,120
2024,South Indian Bank Ltd,Kw7,1
2024,South Indian Bank Ltd,Kw8,0
2024,South Indian Bank Ltd,Kw9,5
2024,South Indian Bank Ltd,Kw10,8
2024,South Indian Bank Ltd,Kw11,1
2024,South Indian Bank Ltd,Kw12,4
2024,South Indian Bank Ltd,Kw13,0
2023,South Indian Bank Ltd,Kw1,29
2023,South Indian Bank Ltd,Kw2,9
2023,South Indian Bank Ltd,Kw3,4
2023,South Indian Bank Ltd,Kw4,1
2023,South Indian Bank Ltd,Kw5,0
2023,South Indian Bank Ltd,Kw6,112
2023,South Indian Bank Ltd,Kw7,1
2023,South Indian Bank Ltd,Kw8,0
2023,South Indian Bank Ltd,Kw9,4
2023,South Indian Bank Ltd,Kw10,1
2023,South Indian Bank Ltd,Kw11,2
2023,South Indian Bank Ltd,Kw12,3
2023,South Indian Bank Ltd,Kw13,0
2022,South Indian Bank Ltd,Kw1,7
2022,South Indian Bank Ltd,Kw2,14
2022,South Indian Bank Ltd,Kw3,2
2022,South Indian Bank Ltd,Kw4,0
2022,South Indian Bank Ltd,Kw5,1
2022,South Indian Bank Ltd,Kw6,66
2022,South Indian Bank Ltd,Kw7,0
2022,South Indian Bank Ltd,Kw8,0
2022,South Indian Bank Ltd,Kw9,2
2022,South Indian Bank Ltd,Kw10,0
2022,South Indian Bank Ltd,Kw11,3
2022,South Indian Bank Ltd,Kw12,1
2022,South Indian Bank Ltd,Kw13,0
2021,South Indian Bank Ltd,Kw1,3
2021,South Indian Bank Ltd,Kw2,10
2021,South Indian Bank Ltd,Kw3,0
2021,South Indian Bank Ltd,Kw4,0
2021,South Indian Bank Ltd,Kw5,4
2021,South Indian Bank Ltd,Kw6,47
2021,South Indian Bank Ltd,Kw7,0
2021,South Indian Bank Ltd,Kw8,0
2021,South Indian Bank Ltd,Kw9,5
2021,South Indian Bank Ltd,Kw10,3
2021,South Indian Bank Ltd,Kw11,3
2021,South Indian Bank Ltd,Kw12,5
2021,South Indian Bank Ltd,Kw13,0
2020,South Indian Bank Ltd,Kw1,9
2020,South Indian Bank Ltd,Kw2,8
2020,South Indian Bank Ltd,Kw3,2
2020,South Indian Bank Ltd,Kw4,0
2020,South Indian Bank Ltd,Kw5,2
2020,South Indian Bank Ltd,Kw6,42
2020,South Indian Bank Ltd,Kw7,0
2020,South Indian Bank Ltd,Kw8,0
2020,South Indian Bank Ltd,Kw9,4
2020,South Indian Bank Ltd,Kw10,0
2020,South Indian Bank Ltd,Kw11,2
2020,South Indian Bank Ltd,Kw12,1
2020,South Indian Bank Ltd,Kw13,0
2019,South Indian Bank Ltd,Kw1,5
2019,South Indian Bank Ltd,Kw2,8
2019,South Indian Bank Ltd,Kw3,1
2019,South Indian Bank Ltd,Kw4,0
2019,South Indian Bank Ltd,Kw5,2
2019,South Indian Bank Ltd,Kw6,39
2019,South Indian Bank Ltd,Kw7,1
2019,South Indian Bank Ltd,Kw8,0
2019,South Indian Bank Ltd,Kw9,4
2019,South Indian Bank Ltd,Kw10,0
2019,South Indian Bank Ltd,Kw11,1
2019,South Indian Bank Ltd,Kw12,1
2019,South Indian Bank Ltd,Kw13,0
2018,South Indian Bank Ltd,Kw1,2
2018,South Indian Bank Ltd,Kw2,7
2018,South Indian Bank Ltd,Kw3,0
2018,South Indian Bank Ltd,Kw4,0
2018,South Indian Bank Ltd,Kw5,0
2018,South Indian Bank Ltd,Kw6,31
2018,South Indian Bank Ltd,Kw7,1
2018,South Indian Bank Ltd,Kw8,0
2018,South Indian Bank Ltd,Kw9,2
2018,South Indian Bank Ltd,Kw10,0
2018,South Indian Bank Ltd,Kw11,1
2018,South Indian Bank Ltd,Kw12,1
2018,South Indian Bank Ltd,Kw13,0
2017,South Indian Bank Ltd,Kw1,2
2017,South Indian Bank Ltd,Kw2,1
2017,South Indian Bank Ltd,Kw3,0
2017,South Indian Bank Ltd,Kw4,1
2017,South Indian Bank Ltd,Kw5,0
2017,South Indian Bank Ltd,Kw6,31
2017,South Indian Bank Ltd,Kw7,0
2017,South Indian Bank Ltd,Kw8,0
2017,South Indian Bank Ltd,Kw9,1
2017,South Indian Bank Ltd,Kw10,0
2017,South Indian Bank Ltd,Kw11,0
2017,South Indian Bank Ltd,Kw12,1
2017,South Indian Bank Ltd,Kw13,1
2016,South Indian Bank Ltd,Kw1,0
2016,South Indian Bank Ltd,Kw2,1
2016,South Indian Bank Ltd,Kw3,0
2016,South Indian Bank Ltd,Kw4,1
2016,South Indian Bank Ltd,Kw5,0
2016,South Indian Bank Ltd,Kw6,30
2016,South Indian Bank Ltd,Kw7,0
2016,South Indian Bank Ltd,Kw8,0
2016,South Indian Bank Ltd,Kw9,0
2016,South Indian Bank Ltd,Kw10,0
2016,South Indian Bank Ltd,Kw11,0
2016,South Indian Bank Ltd,Kw12,1
2016,South Indian Bank Ltd,Kw13,1
2015,South Indian Bank Ltd,Kw1,0
2015,South Indian Bank Ltd,Kw2,0
2015,South Indian Bank Ltd,Kw3,0
2015,South Indian Bank Ltd,Kw4,0
2015,South Indian Bank Ltd,Kw5,0
2015,South Indian Bank Ltd,Kw6,39
2015,South Indian Bank Ltd,Kw7,0
2015,South Indian Bank Ltd,Kw8,0
2015,South Indian Bank Ltd,Kw9,0
2015,South Indian Bank Ltd,Kw10,0
2015,South Indian Bank Ltd,Kw11,0
2015,South Indian Bank Ltd,Kw12,0
2015,South Indian Bank Ltd,Kw13,1
2025,Axis Bank Ltd,Kw1,42
2025,Axis Bank Ltd,Kw2,11
2025,Axis Bank Ltd,Kw3,11
2025,Axis Bank Ltd,Kw4,2
2025,Axis Bank Ltd,Kw5,0
2025,Axis Bank Ltd,Kw6,104
2025,Axis Bank Ltd,Kw7,1
2025,Axis Bank Ltd,Kw8,0
2025,Axis Bank Ltd,Kw9,14
2025,Axis Bank Ltd,Kw10,6
2025,Axis Bank Ltd,Kw11,0
2025,Axis Bank Ltd,Kw12,7
2025,Axis Bank Ltd,Kw13,0
2024,Axis Bank Ltd,Kw1,38
2024,Axis Bank Ltd,Kw2,10
2024,Axis Bank Ltd,Kw3,11
2024,Axis Bank Ltd,Kw4,2
2024,Axis Bank Ltd,Kw5,0
2024,Axis Bank Ltd,Kw6,97
2024,Axis Bank Ltd,Kw7,0
2024,Axis Bank Ltd,Kw8,0
2024,Axis Bank Ltd,Kw9,13
2024,Axis Bank Ltd,Kw10,4
2024,Axis Bank Ltd,Kw11,1
2024,Axis Bank Ltd,Kw12,1
2024,Axis Bank Ltd,Kw13,1
2023,Axis Bank Ltd,Kw1,24
2023,Axis Bank Ltd,Kw2,2
2023,Axis Bank Ltd,Kw3,8
2023,Axis Bank Ltd,Kw4,3
2023,Axis Bank Ltd,Kw5,1
2023,Axis Bank Ltd,Kw6,127
2023,Axis Bank Ltd,Kw7,0
2023,Axis Bank Ltd,Kw8,0
2023,Axis Bank Ltd,Kw9,6
2023,Axis Bank Ltd,Kw10,6
2023,Axis Bank Ltd,Kw11,0
2023,Axis Bank Ltd,Kw12,2
2023,Axis Bank Ltd,Kw13,0
2022,Axis Bank Ltd,Kw1,18
2022,Axis Bank Ltd,Kw2,2
2022,Axis Bank Ltd,Kw3,12
2022,Axis Bank Ltd,Kw4,3
2022,Axis Bank Ltd,Kw5,1
2022,Axis Bank Ltd,Kw6,76
2022,Axis Bank Ltd,Kw7,1
2022,Axis Bank Ltd,Kw8,0
2022,Axis Bank Ltd,Kw9,21
2022,Axis Bank Ltd,Kw10,5
2022,Axis Bank Ltd,Kw11,0
2022,Axis Bank Ltd,Kw12,1
2022,Axis Bank Ltd,Kw13,0
2021,Axis Bank Ltd,Kw1,13
2021,Axis Bank Ltd,Kw2,6
2021,Axis Bank Ltd,Kw3,1
2021,Axis Bank Ltd,Kw4,5
2021,Axis Bank Ltd,Kw5,2
2021,Axis Bank Ltd,Kw6,72
2021,Axis Bank Ltd,Kw7,0
2021,Axis Bank Ltd,Kw8,0
2021,Axis Bank Ltd,Kw9,17
2021,Axis Bank Ltd,Kw10,3
2021,Axis Bank Ltd,Kw11,0
2021,Axis Bank Ltd,Kw12,1
2021,Axis Bank Ltd,Kw13,0
2020,Axis Bank Ltd,Kw1,9
2020,Axis Bank Ltd,Kw2,12
2020,Axis Bank Ltd,Kw3,1
2020,Axis Bank Ltd,Kw4,6
2020,Axis Bank Ltd,Kw5,0
2020,Axis Bank Ltd,Kw6,82
2020,Axis Bank Ltd,Kw7,0
2020,Axis Bank Ltd,Kw8,0
2020,Axis Bank Ltd,Kw9,12
2020,Axis Bank Ltd,Kw10,3
2020,Axis Bank Ltd,Kw11,1
2020,Axis Bank Ltd,Kw12,1
2020,Axis Bank Ltd,Kw13,0
2019,Axis Bank Ltd,Kw1,9
2019,Axis Bank Ltd,Kw2,8
2019,Axis Bank Ltd,Kw3,0
2019,Axis Bank Ltd,Kw4,3
2019,Axis Bank Ltd,Kw5,0
2019,Axis Bank Ltd,Kw6,71
2019,Axis Bank Ltd,Kw7,0
2019,Axis Bank Ltd,Kw8,0
2019,Axis Bank Ltd,Kw9,10
2019,Axis Bank Ltd,Kw10,1
2019,Axis Bank Ltd,Kw11,0
2019,Axis Bank Ltd,Kw12,0
2019,Axis Bank Ltd,Kw13,0
2018,Axis Bank Ltd,Kw1,4
2018,Axis Bank Ltd,Kw2,21
2018,Axis Bank Ltd,Kw3,7
2018,Axis Bank Ltd,Kw4,3
2018,Axis Bank Ltd,Kw5,0
2018,Axis Bank Ltd,Kw6,59
2018,Axis Bank Ltd,Kw7,0
2018,Axis Bank Ltd,Kw8,0
2018,Axis Bank Ltd,Kw9,8
2018,Axis Bank Ltd,Kw10,0
2018,Axis Bank Ltd,Kw11,1
2018,Axis Bank Ltd,Kw12,4
2018,Axis Bank Ltd,Kw13,1
2017,Axis Bank Ltd,Kw1,0
2017,Axis Bank Ltd,Kw2,1
2017,Axis Bank Ltd,Kw3,0
2017,Axis Bank Ltd,Kw4,2
2017,Axis Bank Ltd,Kw5,0
2017,Axis Bank Ltd,Kw6,47
2017,Axis Bank Ltd,Kw7,0
2017,Axis Bank Ltd,Kw8,0
2017,Axis Bank Ltd,Kw9,0
2017,Axis Bank Ltd,Kw10,0
2017,Axis Bank Ltd,Kw11,0
2017,Axis Bank Ltd,Kw12,0
2017,Axis Bank Ltd,Kw13,0
2016,Axis Bank Ltd,Kw1,0
2016,Axis Bank Ltd,Kw2,3
2016,Axis Bank Ltd,Kw3,0
2016,Axis Bank Ltd,Kw4,3
2016,Axis Bank Ltd,Kw5,0
2016,Axis Bank Ltd,Kw6,49
2016,Axis Bank Ltd,Kw7,0
2016,Axis Bank Ltd,Kw8,0
2016,Axis Bank Ltd,Kw9,0
2016,Axis Bank Ltd,Kw10,0
2016,Axis Bank Ltd,Kw11,0
2016,Axis Bank Ltd,Kw12,0
2016,Axis Bank Ltd,Kw13,0
2015,Axis Bank Ltd,Kw1,0
2015,Axis Bank Ltd,Kw2,1
2015,Axis Bank Ltd,Kw3,0
2015,Axis Bank Ltd,Kw4,0
2015,Axis Bank Ltd,Kw5,0
2015,Axis Bank Ltd,Kw6,45
2015,Axis Bank Ltd,Kw7,0
2015,Axis Bank Ltd,Kw8,0
2015,Axis Bank Ltd,Kw9,0
2015,Axis Bank Ltd,Kw10,0
2015,Axis Bank Ltd,Kw11,0
2015,Axis Bank Ltd,Kw12,0
2015,Axis Bank Ltd,Kw13,1
2024,Federal Bank Ltd,Kw1,41
2024,Federal Bank Ltd,Kw2,1
2024,Federal Bank Ltd,Kw3,16
2024,Federal Bank Ltd,Kw4,2
2024,Federal Bank Ltd,Kw5,1
2024,Federal Bank Ltd,Kw6,136
2024,Federal Bank Ltd,Kw7,0
2024,Federal Bank Ltd,Kw8,0
2024,Federal Bank Ltd,Kw9,15
2024,Federal Bank Ltd,Kw10,3
2024,Federal Bank Ltd,Kw11,0
2024,Federal Bank Ltd,Kw12,1
2024,Federal Bank Ltd,Kw13,2
2023,Federal Bank Ltd,Kw1,28
2023,Federal Bank Ltd,Kw2,2
2023,Federal Bank Ltd,Kw3,3
2023,Federal Bank Ltd,Kw4,1
2023,Federal Bank Ltd,Kw5,2
2023,Federal Bank Ltd,Kw6,137
2023,Federal Bank Ltd,Kw7,0
2023,Federal Bank Ltd,Kw8,0
2023,Federal Bank Ltd,Kw9,12
2023,Federal Bank Ltd,Kw10,8
2023,Federal Bank Ltd,Kw11,0
2023,Federal Bank Ltd,Kw12,3
2023,Federal Bank Ltd,Kw13,1
2022,Federal Bank Ltd,Kw1,42
2022,Federal Bank Ltd,Kw2,3
2022,Federal Bank Ltd,Kw3,1
2022,Federal Bank Ltd,Kw4,0
2022,Federal Bank Ltd,Kw5,8
2022,Federal Bank Ltd,Kw6,127
2022,Federal Bank Ltd,Kw7,0
2022,Federal Bank Ltd,Kw8,0
2022,Federal Bank Ltd,Kw9,3
2022,Federal Bank Ltd,Kw10,4
2022,Federal Bank Ltd,Kw11,0
2022,Federal Bank Ltd,Kw12,4
2022,Federal Bank Ltd,Kw13,2
2021,Federal Bank Ltd,Kw1,10
2021,Federal Bank Ltd,Kw2,3
2021,Federal Bank Ltd,Kw3,2
2021,Federal Bank Ltd,Kw4,0
2021,Federal Bank Ltd,Kw5,0
2021,Federal Bank Ltd,Kw6,84
2021,Federal Bank Ltd,Kw7,0
2021,Federal Bank Ltd,Kw8,0
2021,Federal Bank Ltd,Kw9,8
2021,Federal Bank Ltd,Kw10,0
2021,Federal Bank Ltd,Kw11,1
2021,Federal Bank Ltd,Kw12,7
2021,Federal Bank Ltd,Kw13,1
2020,Federal Bank Ltd,Kw1,7
2020,Federal Bank Ltd,Kw2,1
2020,Federal Bank Ltd,Kw3,0
2020,Federal Bank Ltd,Kw4,0
2020,Federal Bank Ltd,Kw5,2
2020,Federal Bank Ltd,Kw6,78
2020,Federal Bank Ltd,Kw7,0
2020,Federal Bank Ltd,Kw8,0
2020,Federal Bank Ltd,Kw9,2
2020,Federal Bank Ltd,Kw10,2
2020,Federal Bank Ltd,Kw11,1
2020,Federal Bank Ltd,Kw12,5
2020,Federal Bank Ltd,Kw13,2
2019,Federal Bank Ltd,Kw1,9
2019,Federal Bank Ltd,Kw2,2
2019,Federal Bank Ltd,Kw3,11
2019,Federal Bank Ltd,Kw4,2
2019,Federal Bank Ltd,Kw5,0
2019,Federal Bank Ltd,Kw6,75
2019,Federal Bank Ltd,Kw7,0
2019,Federal Bank Ltd,Kw8,0
2019,Federal Bank Ltd,Kw9,1
2019,Federal Bank Ltd,Kw10,2
2019,Federal Bank Ltd,Kw11,0
2019,Federal Bank Ltd,Kw12,4
2019,Federal Bank Ltd,Kw13,1
2018,Federal Bank Ltd,Kw1,4
2018,Federal Bank Ltd,Kw2,10
2018,Federal Bank Ltd,Kw3,7
2018,Federal Bank Ltd,Kw4,1
2018,Federal Bank Ltd,Kw5,0
2018,Federal Bank Ltd,Kw6,48
2018,Federal Bank Ltd,Kw7,0
2018,Federal Bank Ltd,Kw8,0
2018,Federal Bank Ltd,Kw9,0
2018,Federal Bank Ltd,Kw10,0
2018,Federal Bank Ltd,Kw11,0
2018,Federal Bank Ltd,Kw12,0
2018,Federal Bank Ltd,Kw13,1
2017,Federal Bank Ltd,Kw1,1
2017,Federal Bank Ltd,Kw2,2
2017,Federal Bank Ltd,Kw3,0
2017,Federal Bank Ltd,Kw4,0
2017,Federal Bank Ltd,Kw5,0
2017,Federal Bank Ltd,Kw6,47
2017,Federal Bank Ltd,Kw7,0
2017,Federal Bank Ltd,Kw8,0
2017,Federal Bank Ltd,Kw9,0
2017,Federal Bank Ltd,Kw10,0
2017,Federal Bank Ltd,Kw11,1
2017,Federal Bank Ltd,Kw12,1
2017,Federal Bank Ltd,Kw13,1
2016,Federal Bank Ltd,Kw1,1
2016,Federal Bank Ltd,Kw2,0
2016,Federal Bank Ltd,Kw3,0
2016,Federal Bank Ltd,Kw4,3
2016,Federal Bank Ltd,Kw5,0
2016,Federal Bank Ltd,Kw6,39
2016,Federal Bank Ltd,Kw7,0
2016,Federal Bank Ltd,Kw8,0
2016,Federal Bank Ltd,Kw9,0
2016,Federal Bank Ltd,Kw10,0
2016,Federal Bank Ltd,Kw11,1
2016,Federal Bank Ltd,Kw12,1
2016,Federal Bank Ltd,Kw13,1
2015,Federal Bank Ltd,Kw1,1
2015,Federal Bank Ltd,Kw2,1
2015,Federal Bank Ltd,Kw3,0
2015,Federal Bank Ltd,Kw4,0
2015,Federal Bank Ltd,Kw5,0
2015,Federal Bank Ltd,Kw6,33
2015,Federal Bank Ltd,Kw7,0
2015,Federal Bank Ltd,Kw8,0
2015,Federal Bank Ltd,Kw9,0
2015,Federal Bank Ltd,Kw10,0
2015,Federal Bank Ltd,Kw11,0
2015,Federal Bank Ltd,Kw12,2
2015,Federal Bank Ltd,Kw13,1
2024,Ping An Bank Co Ltd,Kw1,0
2024,Ping An Bank Co Ltd,Kw2,1
2024,Ping An Bank Co Ltd,Kw3,2
2024,Ping An Bank Co Ltd,Kw4,9
2024,Ping An Bank Co Ltd,Kw5,0
2024,Ping An Bank Co Ltd,Kw6,84
2024,Ping An Bank Co Ltd,Kw7,4
2024,Ping An Bank Co Ltd,Kw8,0
2024,Ping An Bank Co Ltd,Kw9,6
2024,Ping An Bank Co Ltd,Kw10,0
2024,Ping An Bank Co Ltd,Kw11,0
2024,Ping An Bank Co Ltd,Kw12,0
2024,Ping An Bank Co Ltd,Kw13,1
2023,Ping An Bank Co Ltd,Kw1,1
2023,Ping An Bank Co Ltd,Kw2,0
2023,Ping An Bank Co Ltd,Kw3,1
2023,Ping An Bank Co Ltd,Kw4,7
2023,Ping An Bank Co Ltd,Kw5,0
2023,Ping An Bank Co Ltd,Kw6,81
2023,Ping An Bank Co Ltd,Kw7,1
2023,Ping An Bank Co Ltd,Kw8,0
2023,Ping An Bank Co Ltd,Kw9,4
2023,Ping An Bank Co Ltd,Kw10,0
2023,Ping An Bank Co Ltd,Kw11,0
2023,Ping An Bank Co Ltd,Kw12,1
2023,Ping An Bank Co Ltd,Kw13,0
2022,Ping An Bank Co Ltd,Kw1,5
2022,Ping An Bank Co Ltd,Kw2,0
2022,Ping An Bank Co Ltd,Kw3,6
2022,Ping An Bank Co Ltd,Kw4,27
2022,Ping An Bank Co Ltd,Kw5,0
2022,Ping An Bank Co Ltd,Kw6,85
2022,Ping An Bank Co Ltd,Kw7,4
2022,Ping An Bank Co Ltd,Kw8,0
2022,Ping An Bank Co Ltd,Kw9,2
2022,Ping An Bank Co Ltd,Kw10,0
2022,Ping An Bank Co Ltd,Kw11,0
2022,Ping An Bank Co Ltd,Kw12,22
2022,Ping An Bank Co Ltd,Kw13,0
2021,Ping An Bank Co Ltd,Kw1,0
2021,Ping An Bank Co Ltd,Kw2,0
2021,Ping An Bank Co Ltd,Kw3,0
2021,Ping An Bank Co Ltd,Kw4,1
2021,Ping An Bank Co Ltd,Kw5,0
2021,Ping An Bank Co Ltd,Kw6,3
2021,Ping An Bank Co Ltd,Kw7,0
2021,Ping An Bank Co Ltd,Kw8,0
2021,Ping An Bank Co Ltd,Kw9,0
2021,Ping An Bank Co Ltd,Kw10,0
2021,Ping An Bank Co Ltd,Kw11,0
2021,Ping An Bank Co Ltd,Kw12,0
2021,Ping An Bank Co Ltd,Kw13,0
2020,Ping An Bank Co Ltd,Kw1,14
2020,Ping An Bank Co Ltd,Kw2,1
2020,Ping An Bank Co Ltd,Kw3,13
2020,Ping An Bank Co Ltd,Kw4,19
2020,Ping An Bank Co Ltd,Kw5,1
2020,Ping An Bank Co Ltd,Kw6,81
2020,Ping An Bank Co Ltd,Kw7,4
2020,Ping An Bank Co Ltd,Kw8,0
2020,Ping An Bank Co Ltd,Kw9,3
2020,Ping An Bank Co Ltd,Kw10,0
2020,Ping An Bank Co Ltd,Kw11,0
2020,Ping An Bank Co Ltd,Kw12,9
2020,Ping An Bank Co Ltd,Kw13,1
2019,Ping An Bank Co Ltd,Kw1,4
2019,Ping An Bank Co Ltd,Kw2,0
2019,Ping An Bank Co Ltd,Kw3,4
2019,Ping An Bank Co Ltd,Kw4,11
2019,Ping An Bank Co Ltd,Kw5,0
2019,Ping An Bank Co Ltd,Kw6,8
2019,Ping An Bank Co Ltd,Kw7,6
2019,Ping An Bank Co Ltd,Kw8,0
2019,Ping An Bank Co Ltd,Kw9,2
2019,Ping An Bank Co Ltd,Kw10,0
2019,Ping An Bank Co Ltd,Kw11,3
2019,Ping An Bank Co Ltd,Kw12,11
2019,Ping An Bank Co Ltd,Kw13,0
2018,Ping An Bank Co Ltd,Kw1,2
2018,Ping An Bank Co Ltd,Kw2,0
2018,Ping An Bank Co Ltd,Kw3,18
2018,Ping An Bank Co Ltd,Kw4,32
2018,Ping An Bank Co Ltd,Kw5,1
2018,Ping An Bank Co Ltd,Kw6,83
2018,Ping An Bank Co Ltd,Kw7,12
2018,Ping An Bank Co Ltd,Kw8,0
2018,Ping An Bank Co Ltd,Kw9,13
2018,Ping An Bank Co Ltd,Kw10,0
2018,Ping An Bank Co Ltd,Kw11,0
2018,Ping An Bank Co Ltd,Kw12,1
2018,Ping An Bank Co Ltd,Kw13,5
2017,Ping An Bank Co Ltd,Kw1,0
2017,Ping An Bank Co Ltd,Kw2,0
2017,Ping An Bank Co Ltd,Kw3,2
2017,Ping An Bank Co Ltd,Kw4,8
2017,Ping An Bank Co Ltd,Kw5,0
2017,Ping An Bank Co Ltd,Kw6,5
2017,Ping An Bank Co Ltd,Kw7,0
2017,Ping An Bank Co Ltd,Kw8,0
2017,Ping An Bank Co Ltd,Kw9,5
2017,Ping An Bank Co Ltd,Kw10,0
2017,Ping An Bank Co Ltd,Kw11,0
2017,Ping An Bank Co Ltd,Kw12,0
2017,Ping An Bank Co Ltd,Kw13,0
2016,Ping An Bank Co Ltd,Kw1,19
2016,Ping An Bank Co Ltd,Kw2,4
2016,Ping An Bank Co Ltd,Kw3,0
2016,Ping An Bank Co Ltd,Kw4,10
2016,Ping An Bank Co Ltd,Kw5,0
2016,Ping An Bank Co Ltd,Kw6,70
2016,Ping An Bank Co Ltd,Kw7,1
2016,Ping An Bank Co Ltd,Kw8,0
2016,Ping An Bank Co Ltd,Kw9,0
2016,Ping An Bank Co Ltd,Kw10,0
2016,Ping An Bank Co Ltd,Kw11,0
2016,Ping An Bank Co Ltd,Kw12,1
2016,Ping An Bank Co Ltd,Kw13,0
2015,Ping An Bank Co Ltd,Kw1,7
2015,Ping An Bank Co Ltd,Kw2,0
2015,Ping An Bank Co Ltd,Kw3,0
2015,Ping An Bank Co Ltd,Kw4,2
2015,Ping An Bank Co Ltd,Kw5,0
2015,Ping An Bank Co Ltd,Kw6,9
2015,Ping An Bank Co Ltd,Kw7,3
2015,Ping An Bank Co Ltd,Kw8,0
2015,Ping An Bank Co Ltd,Kw9,1
2015,Ping An Bank Co Ltd,Kw10,0
2015,Ping An Bank Co Ltd,Kw11,0
2015,Ping An Bank Co Ltd,Kw12,5
2015,Ping An Bank Co Ltd,Kw13,0
2025,Bank of Baroda Ltd,Kw1,2
2025,Bank of Baroda Ltd,Kw2,3
2025,Bank of Baroda Ltd,Kw3,1
2025,Bank of Baroda Ltd,Kw4,0
2025,Bank of Baroda Ltd,Kw5,1
2025,Bank of Baroda Ltd,Kw6,26
2025,Bank of Baroda Ltd,Kw7,0
2025,Bank of Baroda Ltd,Kw8,0
2025,Bank of Baroda Ltd,Kw9,1
2025,Bank of Baroda Ltd,Kw10,10
2025,Bank of Baroda Ltd,Kw11,0
2025,Bank of Baroda Ltd,Kw12,0
2025,Bank of Baroda Ltd,Kw13,0
2024,Bank of Baroda Ltd,Kw1,56
2024,Bank of Baroda Ltd,Kw2,3
2024,Bank of Baroda Ltd,Kw3,3
2024,Bank of Baroda Ltd,Kw4,1
2024,Bank of Baroda Ltd,Kw5,0
2024,Bank of Baroda Ltd,Kw6,58
2024,Bank of Baroda Ltd,Kw7,0
2024,Bank of Baroda Ltd,Kw8,0
2024,Bank of Baroda Ltd,Kw9,2
2024,Bank of Baroda Ltd,Kw10,11
2024,Bank of Baroda Ltd,Kw11,0
2024,Bank of Baroda Ltd,Kw12,0
2024,Bank of Baroda Ltd,Kw13,0
2023,Bank of Baroda Ltd,Kw1,73
2023,Bank of Baroda Ltd,Kw2,3
2023,Bank of Baroda Ltd,Kw3,3
2023,Bank of Baroda Ltd,Kw4,1
2023,Bank of Baroda Ltd,Kw5,3
2023,Bank of Baroda Ltd,Kw6,46
2023,Bank of Baroda Ltd,Kw7,0
2023,Bank of Baroda Ltd,Kw8,0
2023,Bank of Baroda Ltd,Kw9,3
2023,Bank of Baroda Ltd,Kw10,10
2023,Bank of Baroda Ltd,Kw11,0
2023,Bank of Baroda Ltd,Kw12,0
2023,Bank of Baroda Ltd,Kw13,0
2022,Bank of Baroda Ltd,Kw1,58
2022,Bank of Baroda Ltd,Kw2,3
2022,Bank of Baroda Ltd,Kw3,0
2022,Bank of Baroda Ltd,Kw4,0
2022,Bank of Baroda Ltd,Kw5,0
2022,Bank of Baroda Ltd,Kw6,38
2022,Bank of Baroda Ltd,Kw7,0
2022,Bank of Baroda Ltd,Kw8,0
2022,Bank of Baroda Ltd,Kw9,0
2022,Bank of Baroda Ltd,Kw10,15
2022,Bank of Baroda Ltd,Kw11,0
2022,Bank of Baroda Ltd,Kw12,0
2022,Bank of Baroda Ltd,Kw13,0
2021,Bank of Baroda Ltd,Kw1,37
2021,Bank of Baroda Ltd,Kw2,3
2021,Bank of Baroda Ltd,Kw3,0
2021,Bank of Baroda Ltd,Kw4,2
2021,Bank of Baroda Ltd,Kw5,0
2021,Bank of Baroda Ltd,Kw6,61
2021,Bank of Baroda Ltd,Kw7,0
2021,Bank of Baroda Ltd,Kw8,0
2021,Bank of Baroda Ltd,Kw9,0
2021,Bank of Baroda Ltd,Kw10,10
2021,Bank of Baroda Ltd,Kw11,0
2021,Bank of Baroda Ltd,Kw12,0
2021,Bank of Baroda Ltd,Kw13,0
2020,Bank of Baroda Ltd,Kw1,21
2020,Bank of Baroda Ltd,Kw2,5
2020,Bank of Baroda Ltd,Kw3,0
2020,Bank of Baroda Ltd,Kw4,2
2020,Bank of Baroda Ltd,Kw5,0
2020,Bank of Baroda Ltd,Kw6,38
2020,Bank of Baroda Ltd,Kw7,0
2020,Bank of Baroda Ltd,Kw8,0
2020,Bank of Baroda Ltd,Kw9,8
2020,Bank of Baroda Ltd,Kw10,4
2020,Bank of Baroda Ltd,Kw11,0
2020,Bank of Baroda Ltd,Kw12,0
2020,Bank of Baroda Ltd,Kw13,0
2019,Bank of Baroda Ltd,Kw1,26
2019,Bank of Baroda Ltd,Kw2,3
2019,Bank of Baroda Ltd,Kw3,0
2019,Bank of Baroda Ltd,Kw4,5
2019,Bank of Baroda Ltd,Kw5,0
2019,Bank of Baroda Ltd,Kw6,43
2019,Bank of Baroda Ltd,Kw7,0
2019,Bank of Baroda Ltd,Kw8,0
2019,Bank of Baroda Ltd,Kw9,11
2019,Bank of Baroda Ltd,Kw10,0
2019,Bank of Baroda Ltd,Kw11,0
2019,Bank of Baroda Ltd,Kw12,0
2019,Bank of Baroda Ltd,Kw13,0
2018,Bank of Baroda Ltd,Kw1,10
2018,Bank of Baroda Ltd,Kw2,6
2018,Bank of Baroda Ltd,Kw3,0
2018,Bank of Baroda Ltd,Kw4,0
2018,Bank of Baroda Ltd,Kw5,0
2018,Bank of Baroda Ltd,Kw6,24
2018,Bank of Baroda Ltd,Kw7,0
2018,Bank of Baroda Ltd,Kw8,0
2018,Bank of Baroda Ltd,Kw9,1
2018,Bank of Baroda Ltd,Kw10,0
2018,Bank of Baroda Ltd,Kw11,0
2018,Bank of Baroda Ltd,Kw12,0
2018,Bank of Baroda Ltd,Kw13,0
2017,Bank of Baroda Ltd,Kw1,5
2017,Bank of Baroda Ltd,Kw2,4
2017,Bank of Baroda Ltd,Kw3,0
2017,Bank of Baroda Ltd,Kw4,0
2017,Bank of Baroda Ltd,Kw5,0
2017,Bank of Baroda Ltd,Kw6,22
2017,Bank of Baroda Ltd,Kw7,0
2017,Bank of Baroda Ltd,Kw8,0
2017,Bank of Baroda Ltd,Kw9,0
2017,Bank of Baroda Ltd,Kw10,1
2017,Bank of Baroda Ltd,Kw11,0
2017,Bank of Baroda Ltd,Kw12,1
2017,Bank of Baroda Ltd,Kw13,0
2016,Bank of Baroda Ltd,Kw1,1
2016,Bank of Baroda Ltd,Kw2,1
2016,Bank of Baroda Ltd,Kw3,0
2016,Bank of Baroda Ltd,Kw4,1
2016,Bank of Baroda Ltd,Kw5,0
2016,Bank of Baroda Ltd,Kw6,22
2016,Bank of Baroda Ltd,Kw7,1
2016,Bank of Baroda Ltd,Kw8,0
2016,Bank of Baroda Ltd,Kw9,0
2016,Bank of Baroda Ltd,Kw10,0
2016,Bank of Baroda Ltd,Kw11,0
2016,Bank of Baroda Ltd,Kw12,4
2016,Bank of Baroda Ltd,Kw13,0
2015,Bank of Baroda Ltd,Kw1,1
2015,Bank of Baroda Ltd,Kw2,3
2015,Bank of Baroda Ltd,Kw3,0
2015,Bank of Baroda Ltd,Kw4,0
2015,Bank of Baroda Ltd,Kw5,0
2015,Bank of Baroda Ltd,Kw6,23
2015,Bank of Baroda Ltd,Kw7,0
2015,Bank of Baroda Ltd,Kw8,0
2015,Bank of Baroda Ltd,Kw9,0
2015,Bank of Baroda Ltd,Kw10,0
2015,Bank of Baroda Ltd,Kw11,0
2015,Bank of Baroda Ltd,Kw12,8
2015,Bank of Baroda Ltd,Kw13,1
2025,Kotak Mahindra Bank Ltd,Kw1,11
2025,Kotak Mahindra Bank Ltd,Kw2,10
2025,Kotak Mahindra Bank Ltd,Kw3,0
2025,Kotak Mahindra Bank Ltd,Kw4,1
2025,Kotak Mahindra Bank Ltd,Kw5,1
2025,Kotak Mahindra Bank Ltd,Kw6,113
2025,Kotak Mahindra Bank Ltd,Kw7,0
2025,Kotak Mahindra Bank Ltd,Kw8,0
2025,Kotak Mahindra Bank Ltd,Kw9,12
2025,Kotak Mahindra Bank Ltd,Kw10,0
2025,Kotak Mahindra Bank Ltd,Kw11,5
2025,Kotak Mahindra Bank Ltd,Kw12,4
2025,Kotak Mahindra Bank Ltd,Kw13,2
2024,Kotak Mahindra Bank Ltd,Kw1,9
2024,Kotak Mahindra Bank Ltd,Kw2,8
2024,Kotak Mahindra Bank Ltd,Kw3,1
2024,Kotak Mahindra Bank Ltd,Kw4,5
2024,Kotak Mahindra Bank Ltd,Kw5,2
2024,Kotak Mahindra Bank Ltd,Kw6,113
2024,Kotak Mahindra Bank Ltd,Kw7,1
2024,Kotak Mahindra Bank Ltd,Kw8,0
2024,Kotak Mahindra Bank Ltd,Kw9,12
2024,Kotak Mahindra Bank Ltd,Kw10,0
2024,Kotak Mahindra Bank Ltd,Kw11,1
2024,Kotak Mahindra Bank Ltd,Kw12,2
2024,Kotak Mahindra Bank Ltd,Kw13,2
2023,Kotak Mahindra Bank Ltd,Kw1,15
2023,Kotak Mahindra Bank Ltd,Kw2,17
2023,Kotak Mahindra Bank Ltd,Kw3,3
2023,Kotak Mahindra Bank Ltd,Kw4,2
2023,Kotak Mahindra Bank Ltd,Kw5,2
2023,Kotak Mahindra Bank Ltd,Kw6,101
2023,Kotak Mahindra Bank Ltd,Kw7,1
2023,Kotak Mahindra Bank Ltd,Kw8,0
2023,Kotak Mahindra Bank Ltd,Kw9,12
2023,Kotak Mahindra Bank Ltd,Kw10,1
2023,Kotak Mahindra Bank Ltd,Kw11,1
2023,Kotak Mahindra Bank Ltd,Kw12,5
2023,Kotak Mahindra Bank Ltd,Kw13,7
2022,Kotak Mahindra Bank Ltd,Kw1,31
2022,Kotak Mahindra Bank Ltd,Kw2,7
2022,Kotak Mahindra Bank Ltd,Kw3,2
2022,Kotak Mahindra Bank Ltd,Kw4,3
2022,Kotak Mahindra Bank Ltd,Kw5,2
2022,Kotak Mahindra Bank Ltd,Kw6,108
2022,Kotak Mahindra Bank Ltd,Kw7,2
2022,Kotak Mahindra Bank Ltd,Kw8,0
2022,Kotak Mahindra Bank Ltd,Kw9,16
2022,Kotak Mahindra Bank Ltd,Kw10,2
2022,Kotak Mahindra Bank Ltd,Kw11,2
2022,Kotak Mahindra Bank Ltd,Kw12,4
2022,Kotak Mahindra Bank Ltd,Kw13,1
2021,Kotak Mahindra Bank Ltd,Kw1,21
2021,Kotak Mahindra Bank Ltd,Kw2,5
2021,Kotak Mahindra Bank Ltd,Kw3,0
2021,Kotak Mahindra Bank Ltd,Kw4,6
2021,Kotak Mahindra Bank Ltd,Kw5,3
2021,Kotak Mahindra Bank Ltd,Kw6,66
2021,Kotak Mahindra Bank Ltd,Kw7,0
2021,Kotak Mahindra Bank Ltd,Kw8,0
2021,Kotak Mahindra Bank Ltd,Kw9,5
2021,Kotak Mahindra Bank Ltd,Kw10,2
2021,Kotak Mahindra Bank Ltd,Kw11,0
2021,Kotak Mahindra Bank Ltd,Kw12,2
2021,Kotak Mahindra Bank Ltd,Kw13,1
2020,Kotak Mahindra Bank Ltd,Kw1,14
2020,Kotak Mahindra Bank Ltd,Kw2,5
2020,Kotak Mahindra Bank Ltd,Kw3,0
2020,Kotak Mahindra Bank Ltd,Kw4,6
2020,Kotak Mahindra Bank Ltd,Kw5,1
2020,Kotak Mahindra Bank Ltd,Kw6,57
2020,Kotak Mahindra Bank Ltd,Kw7,0
2020,Kotak Mahindra Bank Ltd,Kw8,0
2020,Kotak Mahindra Bank Ltd,Kw9,8
2020,Kotak Mahindra Bank Ltd,Kw10,0
2020,Kotak Mahindra Bank Ltd,Kw11,1
2020,Kotak Mahindra Bank Ltd,Kw12,6
2020,Kotak Mahindra Bank Ltd,Kw13,1
2019,Kotak Mahindra Bank Ltd,Kw1,12
2019,Kotak Mahindra Bank Ltd,Kw2,5
2019,Kotak Mahindra Bank Ltd,Kw3,2
2019,Kotak Mahindra Bank Ltd,Kw4,3
2019,Kotak Mahindra Bank Ltd,Kw5,0
2019,Kotak Mahindra Bank Ltd,Kw6,47
2019,Kotak Mahindra Bank Ltd,Kw7,0
2019,Kotak Mahindra Bank Ltd,Kw8,0
2019,Kotak Mahindra Bank Ltd,Kw9,4
2019,Kotak Mahindra Bank Ltd,Kw10,0
2019,Kotak Mahindra Bank Ltd,Kw11,6
2019,Kotak Mahindra Bank Ltd,Kw12,5
2019,Kotak Mahindra Bank Ltd,Kw13,1
2018,Kotak Mahindra Bank Ltd,Kw1,7
2018,Kotak Mahindra Bank Ltd,Kw2,4
2018,Kotak Mahindra Bank Ltd,Kw3,1
2018,Kotak Mahindra Bank Ltd,Kw4,2
2018,Kotak Mahindra Bank Ltd,Kw5,0
2018,Kotak Mahindra Bank Ltd,Kw6,32
2018,Kotak Mahindra Bank Ltd,Kw7,0
2018,Kotak Mahindra Bank Ltd,Kw8,0
2018,Kotak Mahindra Bank Ltd,Kw9,4
2018,Kotak Mahindra Bank Ltd,Kw10,0
2018,Kotak Mahindra Bank Ltd,Kw11,0
2018,Kotak Mahindra Bank Ltd,Kw12,1
2018,Kotak Mahindra Bank Ltd,Kw13,4
2017,Kotak Mahindra Bank Ltd,Kw1,1
2017,Kotak Mahindra Bank Ltd,Kw2,8
2017,Kotak Mahindra Bank Ltd,Kw3,1
2017,Kotak Mahindra Bank Ltd,Kw4,0
2017,Kotak Mahindra Bank Ltd,Kw5,0
2017,Kotak Mahindra Bank Ltd,Kw6,28
2017,Kotak Mahindra Bank Ltd,Kw7,0
2017,Kotak Mahindra Bank Ltd,Kw8,0
2017,Kotak Mahindra Bank Ltd,Kw9,0
2017,Kotak Mahindra Bank Ltd,Kw10,0
2017,Kotak Mahindra Bank Ltd,Kw11,0
2017,Kotak Mahindra Bank Ltd,Kw12,1
2017,Kotak Mahindra Bank Ltd,Kw13,0
2016,Kotak Mahindra Bank Ltd,Kw1,1
2016,Kotak Mahindra Bank Ltd,Kw2,3
2016,Kotak Mahindra Bank Ltd,Kw3,0
2016,Kotak Mahindra Bank Ltd,Kw4,0
2016,Kotak Mahindra Bank Ltd,Kw5,3
2016,Kotak Mahindra Bank Ltd,Kw6,36
2016,Kotak Mahindra Bank Ltd,Kw7,0
2016,Kotak Mahindra Bank Ltd,Kw8,0
2016,Kotak Mahindra Bank Ltd,Kw9,0
2016,Kotak Mahindra Bank Ltd,Kw10,1
2016,Kotak Mahindra Bank Ltd,Kw11,0
2016,Kotak Mahindra Bank Ltd,Kw12,0
2016,Kotak Mahindra Bank Ltd,Kw13,0
2015,Kotak Mahindra Bank Ltd,Kw1,0
2015,Kotak Mahindra Bank Ltd,Kw2,2
2015,Kotak Mahindra Bank Ltd,Kw3,0
2015,Kotak Mahindra Bank Ltd,Kw4,0
2015,Kotak Mahindra Bank Ltd,Kw5,0
2015,Kotak Mahindra Bank Ltd,Kw6,33
2015,Kotak Mahindra Bank Ltd,Kw7,0
2015,Kotak Mahindra Bank Ltd,Kw8,0
2015,Kotak Mahindra Bank Ltd,Kw9,0
2015,Kotak Mahindra Bank Ltd,Kw10,0
2015,Kotak Mahindra Bank Ltd,Kw11,0
2015,Kotak Mahindra Bank Ltd,Kw12,1
2015,Kotak Mahindra Bank Ltd,Kw13,0
2025,State Bank of India,Kw1,17
2025,State Bank of India,Kw2,7
2025,State Bank of India,Kw3,4
2025,State Bank of India,Kw4,1
2025,State Bank of India,Kw5,4
2025,State Bank of India,Kw6,97
2025,State Bank of India,Kw7,0
2025,State Bank of India,Kw8,0
2025,State Bank of India,Kw9,7
2025,State Bank of India,Kw10,2
2025,State Bank of India,Kw11,2
2025,State Bank of India,Kw12,1
2025,State Bank of India,Kw13,4
2024,State Bank of India,Kw1,16
2024,State Bank of India,Kw2,2
2024,State Bank of India,Kw3,1
2024,State Bank of India,Kw4,0
2024,State Bank of India,Kw5,1
2024,State Bank of India,Kw6,57
2024,State Bank of India,Kw7,0
2024,State Bank of India,Kw8,0
2024,State Bank of India,Kw9,10
2024,State Bank of India,Kw10,0
2024,State Bank of India,Kw11,0
2024,State Bank of India,Kw12,0
2024,State Bank of India,Kw13,2
2023,State Bank of India,Kw1,7
2023,State Bank of India,Kw2,6
2023,State Bank of India,Kw3,1
2023,State Bank of India,Kw4,0
2023,State Bank of India,Kw5,3
2023,State Bank of India,Kw6,56
2023,State Bank of India,Kw7,0
2023,State Bank of India,Kw8,0
2023,State Bank of India,Kw9,7
2023,State Bank of India,Kw10,0
2023,State Bank of India,Kw11,0
2023,State Bank of India,Kw12,1
2023,State Bank of India,Kw13,1
2022,State Bank of India,Kw1,11
2022,State Bank of India,Kw2,4
2022,State Bank of India,Kw3,0
2022,State Bank of India,Kw4,0
2022,State Bank of India,Kw5,2
2022,State Bank of India,Kw6,63
2022,State Bank of India,Kw7,0
2022,State Bank of India,Kw8,0
2022,State Bank of India,Kw9,1
2022,State Bank of India,Kw10,1
2022,State Bank of India,Kw11,0
2022,State Bank of India,Kw12,2
2022,State Bank of India,Kw13,1
2020,State Bank of India,Kw1,3
2020,State Bank of India,Kw2,5
2020,State Bank of India,Kw3,0
2020,State Bank of India,Kw4,2
2020,State Bank of India,Kw5,0
2020,State Bank of India,Kw6,58
2020,State Bank of India,Kw7,0
2020,State Bank of India,Kw8,0
2020,State Bank of India,Kw9,3
2020,State Bank of India,Kw10,3
2020,State Bank of India,Kw11,0
2020,State Bank of India,Kw12,2
2020,State Bank of India,Kw13,1
2019,State Bank of India,Kw1,2
2019,State Bank of India,Kw2,6
2019,State Bank of India,Kw3,0
2019,State Bank of India,Kw4,1
2019,State Bank of India,Kw5,0
2019,State Bank of India,Kw6,58
2019,State Bank of India,Kw7,1
2019,State Bank of India,Kw8,0
2019,State Bank of India,Kw9,3
2019,State Bank of India,Kw10,0
2019,State Bank of India,Kw11,0
2019,State Bank of India,Kw12,3
2019,State Bank of India,Kw13,1
2017,State Bank of India,Kw1,2
2017,State Bank of India,Kw2,5
2017,State Bank of India,Kw3,0
2017,State Bank of India,Kw4,7
2017,State Bank of India,Kw5,3
2017,State Bank of India,Kw6,42
2017,State Bank of India,Kw7,0
2017,State Bank of India,Kw8,0
2017,State Bank of India,Kw9,0
2017,State Bank of India,Kw10,0
2017,State Bank of India,Kw11,0
2017,State Bank of India,Kw12,1
2017,State Bank of India,Kw13,1
2016,State Bank of India,Kw1,0
2016,State Bank of India,Kw2,6
2016,State Bank of India,Kw3,0
2016,State Bank of India,Kw4,5
2016,State Bank of India,Kw5,6
2016,State Bank of India,Kw6,40
2016,State Bank of India,Kw7,0
2016,State Bank of India,Kw8,0
2016,State Bank of India,Kw9,0
2016,State Bank of India,Kw10,0
2016,State Bank of India,Kw11,0
2016,State Bank of India,Kw12,6
2016,State Bank of India,Kw13,1
2025,Indian Overseas Bank,Kw1,6
2025,Indian Overseas Bank,Kw2,4
2025,Indian Overseas Bank,Kw3,1
2025,Indian Overseas Bank,Kw4,0
2025,Indian Overseas Bank,Kw5,3
2025,Indian Overseas Bank,Kw6,52
2025,Indian Overseas Bank,Kw7,1
2025,Indian Overseas Bank,Kw8,0
2025,Indian Overseas Bank,Kw9,1
2025,Indian Overseas Bank,Kw10,0
2025,Indian Overseas Bank,Kw11,0
2025,Indian Overseas Bank,Kw12,1
2025,Indian Overseas Bank,Kw13,1
2024,Shanghai Pudong Development Bank Co Ltd,Kw1,2
2024,Shanghai Pudong Development Bank Co Ltd,Kw2,0
2024,Shanghai Pudong Development Bank Co Ltd,Kw3,7
2024,Shanghai Pudong Development Bank Co Ltd,Kw4,14
2024,Shanghai Pudong Development Bank Co Ltd,Kw5,1
2024,Shanghai Pudong Development Bank Co Ltd,Kw6,155
2024,Shanghai Pudong Development Bank Co Ltd,Kw7,6
2024,Shanghai Pudong Development Bank Co Ltd,Kw8,0
2024,Shanghai Pudong Development Bank Co Ltd,Kw9,3
2024,Shanghai Pudong Development Bank Co Ltd,Kw10,0
2024,Shanghai Pudong Development Bank Co Ltd,Kw11,0
2024,Shanghai Pudong Development Bank Co Ltd,Kw12,7
2024,Shanghai Pudong Development Bank Co Ltd,Kw13,3
2023,Shanghai Pudong Development Bank Co Ltd,Kw1,3
2023,Shanghai Pudong Development Bank Co Ltd,Kw2,0
2023,Shanghai Pudong Development Bank Co Ltd,Kw3,1
2023,Shanghai Pudong Development Bank Co Ltd,Kw4,4
2023,Shanghai Pudong Development Bank Co Ltd,Kw5,0
2023,Shanghai Pudong Development Bank Co Ltd,Kw6,157
2023,Shanghai Pudong Development Bank Co Ltd,Kw7,2
2023,Shanghai Pudong Development Bank Co Ltd,Kw8,0
2023,Shanghai Pudong Development Bank Co Ltd,Kw9,4
2023,Shanghai Pudong Development Bank Co Ltd,Kw10,1
2023,Shanghai Pudong Development Bank Co Ltd,Kw11,0
2023,Shanghai Pudong Development Bank Co Ltd,Kw12,6
2023,Shanghai Pudong Development Bank Co Ltd,Kw13,1
2022,Shanghai Pudong Development Bank Co Ltd,Kw1,4
2022,Shanghai Pudong Development Bank Co Ltd,Kw2,0
2022,Shanghai Pudong Development Bank Co Ltd,Kw3,1
2022,Shanghai Pudong Development Bank Co Ltd,Kw4,0
2022,Shanghai Pudong Development Bank Co Ltd,Kw5,1
2022,Shanghai Pudong Development Bank Co Ltd,Kw6,141
2022,Shanghai Pudong Development Bank Co Ltd,Kw7,0
2022,Shanghai Pudong Development Bank Co Ltd,Kw8,0
2022,Shanghai Pudong Development Bank Co Ltd,Kw9,4
2022,Shanghai Pudong Development Bank Co Ltd,Kw10,0
2022,Shanghai Pudong Development Bank Co Ltd,Kw11,0
2022,Shanghai Pudong Development Bank Co Ltd,Kw12,7
2022,Shanghai Pudong Development Bank Co Ltd,Kw13,1
2021,Shanghai Pudong Development Bank Co Ltd,Kw1,4
2021,Shanghai Pudong Development Bank Co Ltd,Kw2,0
2021,Shanghai Pudong Development Bank Co Ltd,Kw3,0
2021,Shanghai Pudong Development Bank Co Ltd,Kw4,1
2021,Shanghai Pudong Development Bank Co Ltd,Kw5,1
2021,Shanghai Pudong Development Bank Co Ltd,Kw6,144
2021,Shanghai Pudong Development Bank Co Ltd,Kw7,0
2021,Shanghai Pudong Development Bank Co Ltd,Kw8,0
2021,Shanghai Pudong Development Bank Co Ltd,Kw9,2
2021,Shanghai Pudong Development Bank Co Ltd,Kw10,0
2021,Shanghai Pudong Development Bank Co Ltd,Kw11,0
2021,Shanghai Pudong Development Bank Co Ltd,Kw12,6
2021,Shanghai Pudong Development Bank Co Ltd,Kw13,1
2020,Shanghai Pudong Development Bank Co Ltd,Kw1,15
2020,Shanghai Pudong Development Bank Co Ltd,Kw2,0
2020,Shanghai Pudong Development Bank Co Ltd,Kw3,3
2020,Shanghai Pudong Development Bank Co Ltd,Kw4,6
2020,Shanghai Pudong Development Bank Co Ltd,Kw5,0
2020,Shanghai Pudong Development Bank Co Ltd,Kw6,126
2020,Shanghai Pudong Development Bank Co Ltd,Kw7,3
2020,Shanghai Pudong Development Bank Co Ltd,Kw8,0
2020,Shanghai Pudong Development Bank Co Ltd,Kw9,4
2020,Shanghai Pudong Development Bank Co Ltd,Kw10,0
2020,Shanghai Pudong Development Bank Co Ltd,Kw11,1
2020,Shanghai Pudong Development Bank Co Ltd,Kw12,10
2020,Shanghai Pudong Development Bank Co Ltd,Kw13,1
2019,Shanghai Pudong Development Bank Co Ltd,Kw1,9
2019,Shanghai Pudong Development Bank Co Ltd,Kw2,0
2019,Shanghai Pudong Development Bank Co Ltd,Kw3,3
2019,Shanghai Pudong Development Bank Co Ltd,Kw4,2
2019,Shanghai Pudong Development Bank Co Ltd,Kw5,0
2019,Shanghai Pudong Development Bank Co Ltd,Kw6,144
2019,Shanghai Pudong Development Bank Co Ltd,Kw7,0
2019,Shanghai Pudong Development Bank Co Ltd,Kw8,0
2019,Shanghai Pudong Development Bank Co Ltd,Kw9,1
2019,Shanghai Pudong Development Bank Co Ltd,Kw10,0
2019,Shanghai Pudong Development Bank Co Ltd,Kw11,1
2019,Shanghai Pudong Development Bank Co Ltd,Kw12,14
2019,Shanghai Pudong Development Bank Co Ltd,Kw13,1
2018,Shanghai Pudong Development Bank Co Ltd,Kw1,9
2018,Shanghai Pudong Development Bank Co Ltd,Kw2,1
2018,Shanghai Pudong Development Bank Co Ltd,Kw3,0
2018,Shanghai Pudong Development Bank Co Ltd,Kw4,6
2018,Shanghai Pudong Development Bank Co Ltd,Kw5,0
2018,Shanghai Pudong Development Bank Co Ltd,Kw6,149
2018,Shanghai Pudong Development Bank Co Ltd,Kw7,0
2018,Shanghai Pudong Development Bank Co Ltd,Kw8,0
2018,Shanghai Pudong Development Bank Co Ltd,Kw9,1
2018,Shanghai Pudong Development Bank Co Ltd,Kw10,0
2018,Shanghai Pudong Development Bank Co Ltd,Kw11,1
2018,Shanghai Pudong Development Bank Co Ltd,Kw12,9
2018,Shanghai Pudong Development Bank Co Ltd,Kw13,0
2017,Shanghai Pudong Development Bank Co Ltd,Kw1,11
2017,Shanghai Pudong Development Bank Co Ltd,Kw2,0
2017,Shanghai Pudong Development Bank Co Ltd,Kw3,1
2017,Shanghai Pudong Development Bank Co Ltd,Kw4,8
2017,Shanghai Pudong Development Bank Co Ltd,Kw5,0
2017,Shanghai Pudong Development Bank Co Ltd,Kw6,103
2017,Shanghai Pudong Development Bank Co Ltd,Kw7,0
2017,Shanghai Pudong Development Bank Co Ltd,Kw8,0
2017,Shanghai Pudong Development Bank Co Ltd,Kw9,3
2017,Shanghai Pudong Development Bank Co Ltd,Kw10,0
2017,Shanghai Pudong Development Bank Co Ltd,Kw11,2
2017,Shanghai Pudong Development Bank Co Ltd,Kw12,6
2017,Shanghai Pudong Development Bank Co Ltd,Kw13,0
2016,Shanghai Pudong Development Bank Co Ltd,Kw1,11
2016,Shanghai Pudong Development Bank Co Ltd,Kw2,2
2016,Shanghai Pudong Development Bank Co Ltd,Kw3,0
2016,Shanghai Pudong Development Bank Co Ltd,Kw4,3
2016,Shanghai Pudong Development Bank Co Ltd,Kw5,0
2016,Shanghai Pudong Development Bank Co Ltd,Kw6,102
2016,Shanghai Pudong Development Bank Co Ltd,Kw7,1
2016,Shanghai Pudong Development Bank Co Ltd,Kw8,0
2016,Shanghai Pudong Development Bank Co Ltd,Kw9,1
2016,Shanghai Pudong Development Bank Co Ltd,Kw10,0
2016,Shanghai Pudong Development Bank Co Ltd,Kw11,1
2016,Shanghai Pudong Development Bank Co Ltd,Kw12,9
2016,Shanghai Pudong Development Bank Co Ltd,Kw13,0
2015,Shanghai Pudong Development Bank Co Ltd,Kw1,8
2015,Shanghai Pudong Development Bank Co Ltd,Kw2,0
2015,Shanghai Pudong Development Bank Co Ltd,Kw3,0
2015,Shanghai Pudong Development Bank Co Ltd,Kw4,4
2015,Shanghai Pudong Development Bank Co Ltd,Kw5,0
2015,Shanghai Pudong Development Bank Co Ltd,Kw6,55
2015,Shanghai Pudong Development Bank Co Ltd,Kw7,2
2015,Shanghai Pudong Development Bank Co Ltd,Kw8,0
2015,Shanghai Pudong Development Bank Co Ltd,Kw9,0
2015,Shanghai Pudong Development Bank Co Ltd,Kw10,0
2015,Shanghai Pudong Development Bank Co Ltd,Kw11,0
2015,Shanghai Pudong Development Bank Co Ltd,Kw12,10
2015,Shanghai Pudong Development Bank Co Ltd,Kw13,0
2024,Indian Overseas Bank,Kw1,4
2024,Indian Overseas Bank,Kw2,3
2024,Indian Overseas Bank,Kw3,0
2024,Indian Overseas Bank,Kw4,0
2024,Indian Overseas Bank,Kw5,1
2024,Indian Overseas Bank,Kw6,43
2024,Indian Overseas Bank,Kw7,2
2024,Indian Overseas Bank,Kw8,0
2024,Indian Overseas Bank,Kw9,1
2024,Indian Overseas Bank,Kw10,0
2024,Indian Overseas Bank,Kw11,0
2024,Indian Overseas Bank,Kw12,1
2024,Indian Overseas Bank,Kw13,2
2023,Indian Overseas Bank,Kw1,0
2023,Indian Overseas Bank,Kw2,3
2023,Indian Overseas Bank,Kw3,0
2023,Indian Overseas Bank,Kw4,1
2023,Indian Overseas Bank,Kw5,2
2023,Indian Overseas Bank,Kw6,67
2023,Indian Overseas Bank,Kw7,1
2023,Indian Overseas Bank,Kw8,0
2023,Indian Overseas Bank,Kw9,1
2023,Indian Overseas Bank,Kw10,0
2023,Indian Overseas Bank,Kw11,0
2023,Indian Overseas Bank,Kw12,0
2023,Indian Overseas Bank,Kw13,0
2022,Indian Overseas Bank,Kw1,0
2022,Indian Overseas Bank,Kw2,5
2022,Indian Overseas Bank,Kw3,0
2022,Indian Overseas Bank,Kw4,0
2022,Indian Overseas Bank,Kw5,2
2022,Indian Overseas Bank,Kw6,50
2022,Indian Overseas Bank,Kw7,1
2022,Indian Overseas Bank,Kw8,0
2022,Indian Overseas Bank,Kw9,1
2022,Indian Overseas Bank,Kw10,0
2022,Indian Overseas Bank,Kw11,0
2022,Indian Overseas Bank,Kw12,0
2022,Indian Overseas Bank,Kw13,1
2021,Indian Overseas Bank,Kw1,0
2021,Indian Overseas Bank,Kw2,1
2021,Indian Overseas Bank,Kw3,0
2021,Indian Overseas Bank,Kw4,0
2021,Indian Overseas Bank,Kw5,0
2021,Indian Overseas Bank,Kw6,14
2021,Indian Overseas Bank,Kw7,0
2021,Indian Overseas Bank,Kw8,0
2021,Indian Overseas Bank,Kw9,0
2021,Indian Overseas Bank,Kw10,0
2021,Indian Overseas Bank,Kw11,0
2021,Indian Overseas Bank,Kw12,0
2021,Indian Overseas Bank,Kw13,0
2020,Indian Overseas Bank,Kw1,1
2020,Indian Overseas Bank,Kw2,5
2020,Indian Overseas Bank,Kw3,0
2020,Indian Overseas Bank,Kw4,1
2020,Indian Overseas Bank,Kw5,0
2020,Indian Overseas Bank,Kw6,26
2020,Indian Overseas Bank,Kw7,1
2020,Indian Overseas Bank,Kw8,0
2020,Indian Overseas Bank,Kw9,0
2020,Indian Overseas Bank,Kw10,0
2020,Indian Overseas Bank,Kw11,0
2020,Indian Overseas Bank,Kw12,0
2020,Indian Overseas Bank,Kw13,0
2019,Indian Overseas Bank,Kw1,0
2019,Indian Overseas Bank,Kw2,7
2019,Indian Overseas Bank,Kw3,0
2019,Indian Overseas Bank,Kw4,0
2019,Indian Overseas Bank,Kw5,0
2019,Indian Overseas Bank,Kw6,31
2019,Indian Overseas Bank,Kw7,1
2019,Indian Overseas Bank,Kw8,0
2019,Indian Overseas Bank,Kw9,0
2019,Indian Overseas Bank,Kw10,0
2019,Indian Overseas Bank,Kw11,0
2019,Indian Overseas Bank,Kw12,0
2019,Indian Overseas Bank,Kw13,0
2018,Indian Overseas Bank,Kw1,1
2018,Indian Overseas Bank,Kw2,10
2018,Indian Overseas Bank,Kw3,0
2018,Indian Overseas Bank,Kw4,0
2018,Indian Overseas Bank,Kw5,0
2018,Indian Overseas Bank,Kw6,24
2018,Indian Overseas Bank,Kw7,0
2018,Indian Overseas Bank,Kw8,0
2018,Indian Overseas Bank,Kw9,0
2018,Indian Overseas Bank,Kw10,0
2018,Indian Overseas Bank,Kw11,0
2018,Indian Overseas Bank,Kw12,0
2018,Indian Overseas Bank,Kw13,0
2017,Indian Overseas Bank,Kw1,0
2017,Indian Overseas Bank,Kw2,6
2017,Indian Overseas Bank,Kw3,0
2017,Indian Overseas Bank,Kw4,1
2017,Indian Overseas Bank,Kw5,0
2017,Indian Overseas Bank,Kw6,19
2017,Indian Overseas Bank,Kw7,0
2017,Indian Overseas Bank,Kw8,0
2017,Indian Overseas Bank,Kw9,0
2017,Indian Overseas Bank,Kw10,0
2017,Indian Overseas Bank,Kw11,0
2017,Indian Overseas Bank,Kw12,0
2017,Indian Overseas Bank,Kw13,0
2016,Indian Overseas Bank,Kw1,0
2016,Indian Overseas Bank,Kw2,0
2016,Indian Overseas Bank,Kw3,0
2016,Indian Overseas Bank,Kw4,0
2016,Indian Overseas Bank,Kw5,0
2016,Indian Overseas Bank,Kw6,23
2016,Indian Overseas Bank,Kw7,0
2016,Indian Overseas Bank,Kw8,0
2016,Indian Overseas Bank,Kw9,0
2016,Indian Overseas Bank,Kw10,0
2016,Indian Overseas Bank,Kw11,0
2016,Indian Overseas Bank,Kw12,0
2016,Indian Overseas Bank,Kw13,0
2015,Indian Overseas Bank,Kw1,0
2015,Indian Overseas Bank,Kw2,12
2015,Indian Overseas Bank,Kw3,0
2015,Indian Overseas Bank,Kw4,1
2015,Indian Overseas Bank,Kw5,1
2015,Indian Overseas Bank,Kw6,20
2015,Indian Overseas Bank,Kw7,0
2015,Indian Overseas Bank,Kw8,0
2015,Indian Overseas Bank,Kw9,0
2015,Indian Overseas Bank,Kw10,0
2015,Indian Overseas Bank,Kw11,0
2015,Indian Overseas Bank,Kw12,0
2015,Indian Overseas Bank,Kw13,0
2025,ICICI Bank Ltd,Kw1,5
2025,ICICI Bank Ltd,Kw2,1
2025,ICICI Bank Ltd,Kw3,4
2025,ICICI Bank Ltd,Kw4,0
2025,ICICI Bank Ltd,Kw5,0
2025,ICICI Bank Ltd,Kw6,65
2025,ICICI Bank Ltd,Kw7,3
2025,ICICI Bank Ltd,Kw8,0
2025,ICICI Bank Ltd,Kw9,8
2025,ICICI Bank Ltd,Kw10,2
2025,ICICI Bank Ltd,Kw11,0
2025,ICICI Bank Ltd,Kw12,0
2025,ICICI Bank Ltd,Kw13,0
2024,ICICI Bank Ltd,Kw1,7
2024,ICICI Bank Ltd,Kw2,1
2024,ICICI Bank Ltd,Kw3,1
2024,ICICI Bank Ltd,Kw4,0
2024,ICICI Bank Ltd,Kw5,0
2024,ICICI Bank Ltd,Kw6,78
2024,ICICI Bank Ltd,Kw7,3
2024,ICICI Bank Ltd,Kw8,0
2024,ICICI Bank Ltd,Kw9,4
2024,ICICI Bank Ltd,Kw10,2
2024,ICICI Bank Ltd,Kw11,2
2024,ICICI Bank Ltd,Kw12,0
2024,ICICI Bank Ltd,Kw13,1
2023,ICICI Bank Ltd,Kw1,6
2023,ICICI Bank Ltd,Kw2,1
2023,ICICI Bank Ltd,Kw3,2
2023,ICICI Bank Ltd,Kw4,0
2023,ICICI Bank Ltd,Kw5,0
2023,ICICI Bank Ltd,Kw6,79
2023,ICICI Bank Ltd,Kw7,5
2023,ICICI Bank Ltd,Kw8,0
2023,ICICI Bank Ltd,Kw9,11
2023,ICICI Bank Ltd,Kw10,2
2023,ICICI Bank Ltd,Kw11,0
2023,ICICI Bank Ltd,Kw12,1
2023,ICICI Bank Ltd,Kw13,0
2022,ICICI Bank Ltd,Kw1,4
2022,ICICI Bank Ltd,Kw2,3
2022,ICICI Bank Ltd,Kw3,1
2022,ICICI Bank Ltd,Kw4,0
2022,ICICI Bank Ltd,Kw5,3
2022,ICICI Bank Ltd,Kw6,84
2022,ICICI Bank Ltd,Kw7,1
2022,ICICI Bank Ltd,Kw8,0
2022,ICICI Bank Ltd,Kw9,4
2022,ICICI Bank Ltd,Kw10,2
2022,ICICI Bank Ltd,Kw11,0
2022,ICICI Bank Ltd,Kw12,0
2022,ICICI Bank Ltd,Kw13,0
2021,ICICI Bank Ltd,Kw1,5
2021,ICICI Bank Ltd,Kw2,1
2021,ICICI Bank Ltd,Kw3,1
2021,ICICI Bank Ltd,Kw4,0
2021,ICICI Bank Ltd,Kw5,0
2021,ICICI Bank Ltd,Kw6,84
2021,ICICI Bank Ltd,Kw7,3
2021,ICICI Bank Ltd,Kw8,0
2021,ICICI Bank Ltd,Kw9,3
2021,ICICI Bank Ltd,Kw10,1
2021,ICICI Bank Ltd,Kw11,0
2021,ICICI Bank Ltd,Kw12,0
2021,ICICI Bank Ltd,Kw13,0
2020,ICICI Bank Ltd,Kw1,8
2020,ICICI Bank Ltd,Kw2,1
2020,ICICI Bank Ltd,Kw3,3
2020,ICICI Bank Ltd,Kw4,0
2020,ICICI Bank Ltd,Kw5,0
2020,ICICI Bank Ltd,Kw6,85
2020,ICICI Bank Ltd,Kw7,0
2020,ICICI Bank Ltd,Kw8,0
2020,ICICI Bank Ltd,Kw9,5
2020,ICICI Bank Ltd,Kw10,0
2020,ICICI Bank Ltd,Kw11,1
2020,ICICI Bank Ltd,Kw12,0
2020,ICICI Bank Ltd,Kw13,0
2019,ICICI Bank Ltd,Kw1,3
2019,ICICI Bank Ltd,Kw2,1
2019,ICICI Bank Ltd,Kw3,4
2019,ICICI Bank Ltd,Kw4,0
2019,ICICI Bank Ltd,Kw5,2
2019,ICICI Bank Ltd,Kw6,82
2019,ICICI Bank Ltd,Kw7,1
2019,ICICI Bank Ltd,Kw8,0
2019,ICICI Bank Ltd,Kw9,4
2019,ICICI Bank Ltd,Kw10,3
2019,ICICI Bank Ltd,Kw11,0
2019,ICICI Bank Ltd,Kw12,0
2019,ICICI Bank Ltd,Kw13,0
2018,ICICI Bank Ltd,Kw1,2
2018,ICICI Bank Ltd,Kw2,3
2018,ICICI Bank Ltd,Kw3,19
2018,ICICI Bank Ltd,Kw4,3
2018,ICICI Bank Ltd,Kw5,0
2018,ICICI Bank Ltd,Kw6,52
2018,ICICI Bank Ltd,Kw7,2
2018,ICICI Bank Ltd,Kw8,0
2018,ICICI Bank Ltd,Kw9,3
2018,ICICI Bank Ltd,Kw10,2
2018,ICICI Bank Ltd,Kw11,0
2018,ICICI Bank Ltd,Kw12,0
2018,ICICI Bank Ltd,Kw13,2
2017,ICICI Bank Ltd,Kw1,1
2017,ICICI Bank Ltd,Kw2,9
2017,ICICI Bank Ltd,Kw3,14
2017,ICICI Bank Ltd,Kw4,0
2017,ICICI Bank Ltd,Kw5,0
2017,ICICI Bank Ltd,Kw6,45
2017,ICICI Bank Ltd,Kw7,0
2017,ICICI Bank Ltd,Kw8,0
2017,ICICI Bank Ltd,Kw9,3
2017,ICICI Bank Ltd,Kw10,0
2017,ICICI Bank Ltd,Kw11,3
2017,ICICI Bank Ltd,Kw12,0
2017,ICICI Bank Ltd,Kw13,0
2016,ICICI Bank Ltd,Kw1,0
2016,ICICI Bank Ltd,Kw2,9
2016,ICICI Bank Ltd,Kw3,0
2016,ICICI Bank Ltd,Kw4,3
2016,ICICI Bank Ltd,Kw5,0
2016,ICICI Bank Ltd,Kw6,47
2016,ICICI Bank Ltd,Kw7,0
2016,ICICI Bank Ltd,Kw8,0
2016,ICICI Bank Ltd,Kw9,2
2016,ICICI Bank Ltd,Kw10,0
2016,ICICI Bank Ltd,Kw11,0
2016,ICICI Bank Ltd,Kw12,0
2016,ICICI Bank Ltd,Kw13,1
2015,ICICI Bank Ltd,Kw1,0
2015,ICICI Bank Ltd,Kw2,3
2015,ICICI Bank Ltd,Kw3,0
2015,ICICI Bank Ltd,Kw4,1
2015,ICICI Bank Ltd,Kw5,0
2015,ICICI Bank Ltd,Kw6,29
2015,ICICI Bank Ltd,Kw7,1
2015,ICICI Bank Ltd,Kw8,0
2015,ICICI Bank Ltd,Kw9,0
2015,ICICI Bank Ltd,Kw10,0
2015,ICICI Bank Ltd,Kw11,0
2015,ICICI Bank Ltd,Kw12,0
2015,ICICI Bank Ltd,Kw13,0
2025,Indusind Bank Ltd,Kw1,13
2025,Indusind Bank Ltd,Kw2,3
2025,Indusind Bank Ltd,Kw3,0
2025,Indusind Bank Ltd,Kw4,0
2025,Indusind Bank Ltd,Kw5,0
2025,Indusind Bank Ltd,Kw6,123
2025,Indusind Bank Ltd,Kw7,0
2025,Indusind Bank Ltd,Kw8,0
2025,Indusind Bank Ltd,Kw9,5
2025,Indusind Bank Ltd,Kw10,3
2025,Indusind Bank Ltd,Kw11,0
2025,Indusind Bank Ltd,Kw12,3
2025,Indusind Bank Ltd,Kw13,0
2024,Indusind Bank Ltd,Kw1,11
2024,Indusind Bank Ltd,Kw2,5
2024,Indusind Bank Ltd,Kw3,7
2024,Indusind Bank Ltd,Kw4,5
2024,Indusind Bank Ltd,Kw5,5
2024,Indusind Bank Ltd,Kw6,111
2024,Indusind Bank Ltd,Kw7,2
2024,Indusind Bank Ltd,Kw8,0
2024,Indusind Bank Ltd,Kw9,12
2024,Indusind Bank Ltd,Kw10,8
2024,Indusind Bank Ltd,Kw11,0
2024,Indusind Bank Ltd,Kw12,9
2024,Indusind Bank Ltd,Kw13,0
2023,Indusind Bank Ltd,Kw1,11
2023,Indusind Bank Ltd,Kw2,9
2023,Indusind Bank Ltd,Kw3,10
2023,Indusind Bank Ltd,Kw4,1
2023,Indusind Bank Ltd,Kw5,2
2023,Indusind Bank Ltd,Kw6,106
2023,Indusind Bank Ltd,Kw7,0
2023,Indusind Bank Ltd,Kw8,0
2023,Indusind Bank Ltd,Kw9,6
2023,Indusind Bank Ltd,Kw10,2
2023,Indusind Bank Ltd,Kw11,0
2023,Indusind Bank Ltd,Kw12,3
2023,Indusind Bank Ltd,Kw13,0
2022,Indusind Bank Ltd,Kw1,2
2022,Indusind Bank Ltd,Kw2,4
2022,Indusind Bank Ltd,Kw3,0
2022,Indusind Bank Ltd,Kw4,2
2022,Indusind Bank Ltd,Kw5,0
2022,Indusind Bank Ltd,Kw6,63
2022,Indusind Bank Ltd,Kw7,0
2022,Indusind Bank Ltd,Kw8,0
2022,Indusind Bank Ltd,Kw9,3
2022,Indusind Bank Ltd,Kw10,1
2022,Indusind Bank Ltd,Kw11,1
2022,Indusind Bank Ltd,Kw12,0
2022,Indusind Bank Ltd,Kw13,0
2021,Indusind Bank Ltd,Kw1,0
2021,Indusind Bank Ltd,Kw2,0
2021,Indusind Bank Ltd,Kw3,0
2021,Indusind Bank Ltd,Kw4,0
2021,Indusind Bank Ltd,Kw5,0
2021,Indusind Bank Ltd,Kw6,0
2021,Indusind Bank Ltd,Kw7,0
2021,Indusind Bank Ltd,Kw8,0
2021,Indusind Bank Ltd,Kw9,0
2021,Indusind Bank Ltd,Kw10,0
2021,Indusind Bank Ltd,Kw11,0
2021,Indusind Bank Ltd,Kw12,0
2021,Indusind Bank Ltd,Kw13,0
2020,Indusind Bank Ltd,Kw1,0
2020,Indusind Bank Ltd,Kw2,2
2020,Indusind Bank Ltd,Kw3,0
2020,Indusind Bank Ltd,Kw4,1
2020,Indusind Bank Ltd,Kw5,1
2020,Indusind Bank Ltd,Kw6,57
2020,Indusind Bank Ltd,Kw7,0
2020,Indusind Bank Ltd,Kw8,0
2020,Indusind Bank Ltd,Kw9,2
2020,Indusind Bank Ltd,Kw10,3
2020,Indusind Bank Ltd,Kw11,1
2020,Indusind Bank Ltd,Kw12,0
2020,Indusind Bank Ltd,Kw13,0
2019,Indusind Bank Ltd,Kw1,0
2019,Indusind Bank Ltd,Kw2,4
2019,Indusind Bank Ltd,Kw3,11
2019,Indusind Bank Ltd,Kw4,0
2019,Indusind Bank Ltd,Kw5,1
2019,Indusind Bank Ltd,Kw6,50
2019,Indusind Bank Ltd,Kw7,0
2019,Indusind Bank Ltd,Kw8,0
2019,Indusind Bank Ltd,Kw9,3
2019,Indusind Bank Ltd,Kw10,4
2019,Indusind Bank Ltd,Kw11,0
2019,Indusind Bank Ltd,Kw12,0
2019,Indusind Bank Ltd,Kw13,0
2018,Indusind Bank Ltd,Kw1,2
2018,Indusind Bank Ltd,Kw2,0
2018,Indusind Bank Ltd,Kw3,0
2018,Indusind Bank Ltd,Kw4,0
2018,Indusind Bank Ltd,Kw5,0
2018,Indusind Bank Ltd,Kw6,31
2018,Indusind Bank Ltd,Kw7,0
2018,Indusind Bank Ltd,Kw8,0
2018,Indusind Bank Ltd,Kw9,0
2018,Indusind Bank Ltd,Kw10,0
2018,Indusind Bank Ltd,Kw11,0
2018,Indusind Bank Ltd,Kw12,0
2018,Indusind Bank Ltd,Kw13,1
2017,Indusind Bank Ltd,Kw1,0
2017,Indusind Bank Ltd,Kw2,0
2017,Indusind Bank Ltd,Kw3,0
2017,Indusind Bank Ltd,Kw4,0
2017,Indusind Bank Ltd,Kw5,0
2017,Indusind Bank Ltd,Kw6,6
2017,Indusind Bank Ltd,Kw7,0
2017,Indusind Bank Ltd,Kw8,0
2017,Indusind Bank Ltd,Kw9,0
2017,Indusind Bank Ltd,Kw10,0
2017,Indusind Bank Ltd,Kw11,0
2017,Indusind Bank Ltd,Kw12,0
2017,Indusind Bank Ltd,Kw13,0
2016,Indusind Bank Ltd,Kw1,0
2016,Indusind Bank Ltd,Kw2,0
2016,Indusind Bank Ltd,Kw3,0
2016,Indusind Bank Ltd,Kw4,0
2016,Indusind Bank Ltd,Kw5,0
2016,Indusind Bank Ltd,Kw6,30
2016,Indusind Bank Ltd,Kw7,0
2016,Indusind Bank Ltd,Kw8,0
2016,Indusind Bank Ltd,Kw9,0
2016,Indusind Bank Ltd,Kw10,0
2016,Indusind Bank Ltd,Kw11,0
2016,Indusind Bank Ltd,Kw12,0
2016,Indusind Bank Ltd,Kw13,1
2015,Indusind Bank Ltd,Kw1,0
2015,Indusind Bank Ltd,Kw2,0
2015,Indusind Bank Ltd,Kw3,0
2015,Indusind Bank Ltd,Kw4,0
2015,Indusind Bank Ltd,Kw5,0
2015,Indusind Bank Ltd,Kw6,2
2015,Indusind Bank Ltd,Kw7,0
2015,Indusind Bank Ltd,Kw8,0
2015,Indusind Bank Ltd,Kw9,0
2015,Indusind Bank Ltd,Kw10,0
2015,Indusind Bank Ltd,Kw11,0
2015,Indusind Bank Ltd,Kw12,0
2015,Indusind Bank Ltd,Kw13,0
2024,China Merchants Bank Co Ltd,Kw1,18
2024,China Merchants Bank Co Ltd,Kw2,1
2024,China Merchants Bank Co Ltd,Kw3,0
2024,China Merchants Bank Co Ltd,Kw4,8
2024,China Merchants Bank Co Ltd,Kw5,0
2024,China Merchants Bank Co Ltd,Kw6,98
2024,China Merchants Bank Co Ltd,Kw7,0
2024,China Merchants Bank Co Ltd,Kw8,0
2024,China Merchants Bank Co Ltd,Kw9,12
2024,China Merchants Bank Co Ltd,Kw10,0
2024,China Merchants Bank Co Ltd,Kw11,0
2024,China Merchants Bank Co Ltd,Kw12,4
2024,China Merchants Bank Co Ltd,Kw13,2
2023,China Merchants Bank Co Ltd,Kw1,29
2023,China Merchants Bank Co Ltd,Kw2,2
2023,China Merchants Bank Co Ltd,Kw3,0
2023,China Merchants Bank Co Ltd,Kw4,6
2023,China Merchants Bank Co Ltd,Kw5,0
2023,China Merchants Bank Co Ltd,Kw6,91
2023,China Merchants Bank Co Ltd,Kw7,0
2023,China Merchants Bank Co Ltd,Kw8,0
2023,China Merchants Bank Co Ltd,Kw9,12
2023,China Merchants Bank Co Ltd,Kw10,0
2023,China Merchants Bank Co Ltd,Kw11,0
2023,China Merchants Bank Co Ltd,Kw12,3
2023,China Merchants Bank Co Ltd,Kw13,2
2022,China Merchants Bank Co Ltd,Kw1,48
2022,China Merchants Bank Co Ltd,Kw2,2
2022,China Merchants Bank Co Ltd,Kw3,1
2022,China Merchants Bank Co Ltd,Kw4,3
2022,China Merchants Bank Co Ltd,Kw5,0
2022,China Merchants Bank Co Ltd,Kw6,93
2022,China Merchants Bank Co Ltd,Kw7,1
2022,China Merchants Bank Co Ltd,Kw8,0
2022,China Merchants Bank Co Ltd,Kw9,6
2022,China Merchants Bank Co Ltd,Kw10,0
2022,China Merchants Bank Co Ltd,Kw11,1
2022,China Merchants Bank Co Ltd,Kw12,3
2022,China Merchants Bank Co Ltd,Kw13,1
2021,China Merchants Bank Co Ltd,Kw1,48
2021,China Merchants Bank Co Ltd,Kw2,2
2021,China Merchants Bank Co Ltd,Kw3,4
2021,China Merchants Bank Co Ltd,Kw4,5
2021,China Merchants Bank Co Ltd,Kw5,0
2021,China Merchants Bank Co Ltd,Kw6,104
2021,China Merchants Bank Co Ltd,Kw7,1
2021,China Merchants Bank Co Ltd,Kw8,0
2021,China Merchants Bank Co Ltd,Kw9,7
2021,China Merchants Bank Co Ltd,Kw10,1
2021,China Merchants Bank Co Ltd,Kw11,0
2021,China Merchants Bank Co Ltd,Kw12,7
2021,China Merchants Bank Co Ltd,Kw13,1
2020,China Merchants Bank Co Ltd,Kw1,48
2020,China Merchants Bank Co Ltd,Kw2,3
2020,China Merchants Bank Co Ltd,Kw3,4
2020,China Merchants Bank Co Ltd,Kw4,2
2020,China Merchants Bank Co Ltd,Kw5,0
2020,China Merchants Bank Co Ltd,Kw6,98
2020,China Merchants Bank Co Ltd,Kw7,1
2020,China Merchants Bank Co Ltd,Kw8,0
2020,China Merchants Bank Co Ltd,Kw9,10
2020,China Merchants Bank Co Ltd,Kw10,2
2020,China Merchants Bank Co Ltd,Kw11,0
2020,China Merchants Bank Co Ltd,Kw12,6
2020,China Merchants Bank Co Ltd,Kw13,1
2019,China Merchants Bank Co Ltd,Kw1,40
2019,China Merchants Bank Co Ltd,Kw2,3
2019,China Merchants Bank Co Ltd,Kw3,2
2019,China Merchants Bank Co Ltd,Kw4,10
2019,China Merchants Bank Co Ltd,Kw5,0
2019,China Merchants Bank Co Ltd,Kw6,105
2019,China Merchants Bank Co Ltd,Kw7,2
2019,China Merchants Bank Co Ltd,Kw8,0
2019,China Merchants Bank Co Ltd,Kw9,5
2019,China Merchants Bank Co Ltd,Kw10,0
2019,China Merchants Bank Co Ltd,Kw11,0
2019,China Merchants Bank Co Ltd,Kw12,10
2019,China Merchants Bank Co Ltd,Kw13,1
2018,China Merchants Bank Co Ltd,Kw1,59
2018,China Merchants Bank Co Ltd,Kw2,4
2018,China Merchants Bank Co Ltd,Kw3,5
2018,China Merchants Bank Co Ltd,Kw4,16
2018,China Merchants Bank Co Ltd,Kw5,1
2018,China Merchants Bank Co Ltd,Kw6,96
2018,China Merchants Bank Co Ltd,Kw7,4
2018,China Merchants Bank Co Ltd,Kw8,0
2018,China Merchants Bank Co Ltd,Kw9,8
2018,China Merchants Bank Co Ltd,Kw10,1
2018,China Merchants Bank Co Ltd,Kw11,1
2018,China Merchants Bank Co Ltd,Kw12,10
2018,China Merchants Bank Co Ltd,Kw13,1
2017,China Merchants Bank Co Ltd,Kw1,66
2017,China Merchants Bank Co Ltd,Kw2,3
2017,China Merchants Bank Co Ltd,Kw3,10
2017,China Merchants Bank Co Ltd,Kw4,23
2017,China Merchants Bank Co Ltd,Kw5,0
2017,China Merchants Bank Co Ltd,Kw6,95
2017,China Merchants Bank Co Ltd,Kw7,4
2017,China Merchants Bank Co Ltd,Kw8,0
2017,China Merchants Bank Co Ltd,Kw9,16
2017,China Merchants Bank Co Ltd,Kw10,0
2017,China Merchants Bank Co Ltd,Kw11,0
2017,China Merchants Bank Co Ltd,Kw12,11
2017,China Merchants Bank Co Ltd,Kw13,2
2016,China Merchants Bank Co Ltd,Kw1,17
2016,China Merchants Bank Co Ltd,Kw2,6
2016,China Merchants Bank Co Ltd,Kw3,0
2016,China Merchants Bank Co Ltd,Kw4,6
2016,China Merchants Bank Co Ltd,Kw5,0
2016,China Merchants Bank Co Ltd,Kw6,76
2016,China Merchants Bank Co Ltd,Kw7,3
2016,China Merchants Bank Co Ltd,Kw8,1
2016,China Merchants Bank Co Ltd,Kw9,8
2016,China Merchants Bank Co Ltd,Kw10,0
2016,China Merchants Bank Co Ltd,Kw11,1
2016,China Merchants Bank Co Ltd,Kw12,22
2016,China Merchants Bank Co Ltd,Kw13,3
2015,China Merchants Bank Co Ltd,Kw1,11
2015,China Merchants Bank Co Ltd,Kw2,6
2015,China Merchants Bank Co Ltd,Kw3,0
2015,China Merchants Bank Co Ltd,Kw4,3
2015,China Merchants Bank Co Ltd,Kw5,0
2015,China Merchants Bank Co Ltd,Kw6,55
2015,China Merchants Bank Co Ltd,Kw7,0
2015,China Merchants Bank Co Ltd,Kw8,0
2015,China Merchants Bank Co Ltd,Kw9,0
2015,China Merchants Bank Co Ltd,Kw10,2
2015,China Merchants Bank Co Ltd,Kw11,0
2015,China Merchants Bank Co Ltd,Kw12,24
2015,China Merchants Bank Co Ltd,Kw13,3
2025,Punjab National Bank,Kw1,6
2025,Punjab National Bank,Kw2,2
2025,Punjab National Bank,Kw3,0
2025,Punjab National Bank,Kw4,0
2025,Punjab National Bank,Kw5,0
2025,Punjab National Bank,Kw6,76
2025,Punjab National Bank,Kw7,0
2025,Punjab National Bank,Kw8,0
2025,Punjab National Bank,Kw9,14
2025,Punjab National Bank,Kw10,4
2025,Punjab National Bank,Kw11,0
2025,Punjab National Bank,Kw12,3
2025,Punjab National Bank,Kw13,1
2024,Punjab National Bank,Kw1,18
2024,Punjab National Bank,Kw2,3
2024,Punjab National Bank,Kw3,1
2024,Punjab National Bank,Kw4,6
2024,Punjab National Bank,Kw5,0
2024,Punjab National Bank,Kw6,88
2024,Punjab National Bank,Kw7,1
2024,Punjab National Bank,Kw8,0
2024,Punjab National Bank,Kw9,11
2024,Punjab National Bank,Kw10,5
2024,Punjab National Bank,Kw11,3
2024,Punjab National Bank,Kw12,3
2024,Punjab National Bank,Kw13,0
